model,kernel_family,is_full,n_lipids,n_folds,n_runs,test_r2_mean,test_r2_median,test_corr_mean,test_corr_median,test_rmse_z_mean,test_rmse_z_median
[full] LGPALL-MEAN-5-data-2000-1000-learnind-ard10,whole-brain Euclidean (Matern) latent GP,True,5,8,8,0.38162962149391005,0.4254273950607879,0.5964430958661646,0.6604691323593993,0.771736830312898,0.7580030444605492
[full] LGPALL-MEAN-5-reference-2000-1000-learnind-ard10,whole-brain Euclidean (Matern) latent GP,True,5,8,8,0.38459023917943524,0.424722197704569,0.5978709814610237,0.6589966484153736,0.7699734314664038,0.7584705947446875
[full] LGPALL-MEAN-5-data-2000-1000-learnind-ard10_log,whole-brain Euclidean (Matern) latent GP,True,5,8,8,0.3135520017610137,0.42184210422515195,0.5859527496169741,0.6584533249531916,0.8088131014832385,0.7603658958968245
[full] LGPALL-MEAN-5-reference-2000-1000-learnind-ard10_log,whole-brain Euclidean (Matern) latent GP,True,5,8,8,0.3088664929085013,0.42164847833827956,0.5869982585736369,0.6581757593045036,0.8110391587621624,0.7604903988827287
[full] SPECTRAL-5-4-K300-reference-5-1000-faiss_cluster_weighted-50-15-randomwalk-2-1.0-0.01-0.1-1.0-clk64-sw1.0-cs010,whole-brain Riemann manifold latent GP (spectral / weight-space eigenbasis),True,5,8,8,0.36838346444377457,0.4143184159816904,0.5891296940581053,0.6524235173219662,0.7796499228494037,0.7652924674152761
[full] MANIFOLD-RSAMPLE-5-4-K100-reference-5-data-1000-1000-faiss_atlas_weighted-50-15-randomwalk-2-1.0-0.01-0.1-learndiff1.0-blend0.8-rootdissolve-dn3-prune0.910,whole-brain Riemann manifold latent GP (inducing-point),True,5,8,8,0.3682135168577383,0.4139586779754113,0.5855116787168889,0.6504811174453857,0.7804595392433008,0.7655219651233163
[full] MANIFOLD-RSAMPLE-5-4-K100-reference-5-data-1000-1000-faiss_atlas_weighted-50-15-randomwalk-2-1.0-0.01-0.1-learndiff1.0-blend0.8-level_5annot-rootdissolve-dn3-prune0.9510,whole-brain Riemann manifold latent GP (inducing-point),True,5,8,8,0.36977162787940837,0.4138760392668759,0.5861925074171758,0.6499476343559936,0.7794517782578894,0.7655865213332707
[full] SPECTRAL-5-4-K300-reference-5-1000-faiss_atlas_weighted-50-15-randomwalk-2-1.0-0.01-0.1-1.0-level_5annot-rootdissolve-dn3-prune0.97-learndiff1.0-learnspecw10,whole-brain Riemann manifold latent GP (spectral / weight-space eigenbasis),True,5,8,8,0.36730770329406487,0.4128570423724516,0.5875793243248847,0.6524673818759295,0.780682861765458,0.7662518556703592
[full] SPECTRAL-5-4-K100-reference-5-1000-faiss_atlas_weighted-50-15-randomwalk-2-1.0-0.01-0.1-1.0-level_5annot-rootdissolve-dn3-prune0.95-learndiff1.010,whole-brain Riemann manifold latent GP (spectral / weight-space eigenbasis),True,5,8,8,0.36585016270832393,0.41263863210099894,0.5868015964653617,0.6540536453968316,0.7815538292983668,0.7663836688483122
[full] MANIFOLD-RSAMPLE-5-4-K100-reference-5-data-1000-1000-faiss_atlas_weighted-50-15-randomwalk-2-1.0-0.01-0.1-learndiff1.0-blend0.8-rootdissolve-dn3-prune0.9710,whole-brain Riemann manifold latent GP (inducing-point),True,5,8,8,0.3705614459572075,0.41151995210827874,0.5872285871413736,0.6499611765431151,0.7792803201807759,0.7671229650471609
[full] MANIFOLD-RSAMPLE-5-4-K100-reference-5-data-1000-1000-faiss_atlas_weighted-50-15-randomwalk-2-1.0-0.01-0.1-learndiff1.0-blend0.8-level_5annot-rootdissolve-dn3-prune0.910,whole-brain Riemann manifold latent GP (inducing-point),True,5,8,8,0.36340929664965793,0.4111202379614892,0.5829599574134317,0.6490771865665175,0.7827930018873767,0.7673796649817907
[full] MANIFOLD-RSAMPLE-5-4-K300-reference-5-data-1000-1000-faiss_atlas_weighted-50-15-randomwalk-2-1.0-0.01-0.1-learndiff1.0-blend0.8-rootdissolve-dn3-prune0.910,whole-brain Riemann manifold latent GP (inducing-point),True,5,8,8,0.35901541818276483,0.4093346409159816,0.5816724522136353,0.6475957504668277,0.7861186494813076,0.7685300489238183
[full] SPECTRAL-5-4-K300-reference-5-1000-faiss_atlas_weighted-50-15-randomwalk-2-1.0-0.01-0.1-1.0-level_5annot-rootdissolve-dn3-prune0.9-learndiff1.010,whole-brain Riemann manifold latent GP (spectral / weight-space eigenbasis),True,5,8,8,0.3631698683750157,0.40858948199592693,0.5853223000200046,0.651491733480499,0.7833451137006563,0.7690292341334535
[full] SPECTRAL-5-4-K100-reference-5-1000-faiss-1-15-randomwalk-2-1.0-0.01-0.1-1.010,whole-brain Riemann manifold latent GP (spectral / weight-space eigenbasis),True,5,8,8,0.3681429989353268,0.4081450473476907,0.5874467897508238,0.6505018974396282,0.7802495359454278,0.7693172619713273
[full] SPECTRAL-5-4-K300-reference-5-1000-faiss_cluster_weighted-50-15-randomwalk-2-1.0-0.01-0.1-1.0-clk64-sw1.0-cs0-learndiff1.010,whole-brain Riemann manifold latent GP (spectral / weight-space eigenbasis),True,5,8,8,0.36994608115368804,0.4081170130236716,0.5883957270982263,0.6506123859287103,0.7788097820090594,0.7693378404565594
[full] SPECTRAL-5-4-K300-reference-5-1000-faiss-1-15-randomwalk-2-1.0-0.01-0.1-1.0-learndiff1.010,whole-brain Riemann manifold latent GP (spectral / weight-space eigenbasis),True,5,8,8,0.36901262559942294,0.40728279451554417,0.5879147967821788,0.6485713952299054,0.779949084728684,0.7698809929366042
[full] MANIFOLD-RSAMPLE-5-4-K100-reference-5-data-1000-1000-faiss_atlas_weighted-50-15-randomwalk-2-1.0-0.01-0.1-learndiff1.0-blend0.8-rootdissolve-dn3-prune0.9510,whole-brain Riemann manifold latent GP (inducing-point),True,5,8,8,0.36883076242509966,0.40726906319280937,0.5861811835753613,0.6459534533356336,0.7803349179412249,0.7698891904570422
[full] MANIFOLD-RSAMPLE-5-4-K100-reference-5-data-1000-1000-faiss_atlas_weighted-50-15-randomwalk-2-1.0-0.01-0.1-learndiff1.0-blend0.8-level_5annot-rootdissolve-dn3-prune0.9710,whole-brain Riemann manifold latent GP (inducing-point),True,5,8,8,0.3694818035204891,0.4066247422699951,0.5853018555108568,0.6470371373650531,0.7792106367352902,0.7703074564915322
[full] SPECTRAL-5-4-K300-reference-5-1000-faiss-1-15-randomwalk-2-1.0-0.01-0.1-1.010,whole-brain Riemann manifold latent GP (spectral / weight-space eigenbasis),True,5,8,8,0.3703901395561341,0.40648536269888247,0.5883079201089301,0.6484194602143729,0.7789776126789406,0.7703955674417461
[full] SPECTRAL-5-4-K100-reference-5-1000-faiss_atlas_weighted-50-15-randomwalk-2-1.0-0.01-0.1-1.0-rootdissolve-dn3-prune0.95-learndiff1.010,whole-brain Riemann manifold latent GP (spectral / weight-space eigenbasis),True,5,8,8,0.36614100554950824,0.4057315955991456,0.5861795128631178,0.6495061679008342,0.7817174790212196,0.7708879548541323
[full] SPECTRAL-5-4-K300-reference-5-1000-faiss_atlas_weighted-50-15-randomwalk-2-1.0-0.01-0.1-1.0-level_5annot-rootdissolve-dn3-prune0.95-learndiff1.010,whole-brain Riemann manifold latent GP (spectral / weight-space eigenbasis),True,5,8,8,0.36457165224526433,0.40507790852173753,0.5858103825541388,0.6497710346877712,0.7827978237892932,0.7713109771956357
[full] SPECTRAL-5-4-K100-reference-5-1000-faiss_atlas_weighted-50-15-randomwalk-2-1.0-0.01-0.1-1.0-rootdissolve-dn3-prune0.9-learndiff1.010,whole-brain Riemann manifold latent GP (spectral / weight-space eigenbasis),True,5,8,8,0.3671719169850836,0.4048026159709518,0.5856264136226569,0.6466096119649365,0.780992950172996,0.7714893734572279
[full] SPECTRAL-5-4-K300-reference-5-1000-faiss_atlas_weighted-50-15-randomwalk-2-1.0-0.01-0.1-1.0-rootdissolve-dn3-prune0.9-learndiff1.010,whole-brain Riemann manifold latent GP (spectral / weight-space eigenbasis),True,5,8,8,0.3669933422636464,0.4046352339782864,0.5875864813855765,0.6471896037993037,0.7811163089488792,0.7715986784707884
[full] SPECTRAL-5-4-K100-reference-5-1000-faiss_atlas_weighted-50-15-randomwalk-2-1.0-0.01-0.1-1.0-level_5annot-learndiff1.010,whole-brain Riemann manifold latent GP (spectral / weight-space eigenbasis),True,5,8,8,0.36465244188667995,0.40449954359467477,0.5847647747133878,0.6464059955578234,0.7826261366638814,0.7716849822643426
[full] MANIFOLD-RSAMPLE-5-4-K300-reference-5-data-1000-1000-faiss_atlas_weighted-50-15-randomwalk-2-1.0-0.01-0.1-learndiff1.0-blend0.8-rootdissolve-dn3-prune0.9510,whole-brain Riemann manifold latent GP (inducing-point),True,5,8,8,0.3659698528460327,0.4041218300733638,0.5850486084985809,0.642948584376924,0.7820981162957702,0.7719238671348219
[full] MANIFOLD-RSAMPLE-5-4-K100-reference-5-data-2000-1000-faiss_atlas_weighted-50-15-randomwalk-2-1.0-0.01-0.1-learndiff1.0-blend0.810,whole-brain Riemann manifold latent GP (inducing-point),True,5,8,8,0.36971962128849695,0.4040637857710663,0.5885324830782664,0.6461168555759427,0.7788727278870247,0.7719682041076381
[full] SPECTRAL-5-4-K100-reference-5-1000-faiss-1-15-randomwalk-2-1.0-0.01-0.1-1.0-learndiff1.010,whole-brain Riemann manifold latent GP (spectral / weight-space eigenbasis),True,5,8,8,0.3635173725787849,0.4037426575227655,0.5850545049520811,0.6476877474856213,0.7833595572948987,0.7721769555990802
[full] SPECTRAL-5-4-K100-reference-5-1000-faiss_atlas_weighted-50-15-randomwalk-2-1.0-0.01-0.1-1.0-level_5annot-rootdissolve-dn3-prune0.97-learndiff1.0-learnspecw10,whole-brain Riemann manifold latent GP (spectral / weight-space eigenbasis),True,5,8,8,0.3636966326008493,0.4034667827453702,0.5854862838593045,0.6480355735217715,0.7832707285899267,0.772355069691109
[full] SPECTRAL-5-4-K100-reference-5-1000-faiss_atlas_weighted-50-15-randomwalk-2-1.0-0.01-0.1-1.0-level_5annot-rootdissolve-dn3-prune0.97-learndiff1.010,whole-brain Riemann manifold latent GP (spectral / weight-space eigenbasis),True,5,8,8,0.364769325099248,0.4034125418470918,0.5856594838902044,0.6486532678598724,0.7824987551594701,0.7723898947801461
[full] SPECTRAL-5-4-K100-reference-5-1000-faiss_atlas_weighted-50-15-randomwalk-2-1.0-0.01-0.1-1.0-rootdissolve-dn3-prune0.97-learndiff1.010,whole-brain Riemann manifold latent GP (spectral / weight-space eigenbasis),True,5,8,8,0.3655719442777178,0.4031832725678153,0.5852152692242855,0.6447027624679805,0.7820313242772874,0.7725386734755366
[full] SPECTRAL-5-4-K100-reference-5-1000-faiss_atlas_weighted-50-15-randomwalk-2-1.0-0.01-0.1-1.0-level_5annot-rootdissolve-dn3-prune0.9-learndiff1.010,whole-brain Riemann manifold latent GP (spectral / weight-space eigenbasis),True,5,8,8,0.3659449996793101,0.40260297097506326,0.5856400949305263,0.6502641469486587,0.7817060825888145,0.7729052040252942
[full] MANIFOLD-RSAMPLE-5-4-K300-reference-5-data-1000-1000-faiss_atlas_weighted-50-15-randomwalk-2-1.0-0.01-0.1-learndiff1.0-blend0.8-level_5annot-rootdissolve-dn3-prune0.9710,whole-brain Riemann manifold latent GP (inducing-point),True,5,8,8,0.36128641222284735,0.40239933287886764,0.5824582357377601,0.6406553297511829,0.7844803038845399,0.7730451600067427
[full] SPECTRAL-5-4-K100-reference-5-1000-faiss_cluster_weighted-50-15-randomwalk-2-1.0-0.01-0.1-1.0-clk64-sw1.0-cs0-learndiff1.010,whole-brain Riemann manifold latent GP (spectral / weight-space eigenbasis),True,5,8,8,0.3640389299924232,0.4020363486304519,0.5848784798116167,0.6463371789835928,0.7830395456367111,0.7732804020440982
[full] MANIFOLD-RSAMPLE-5-4-K300-reference-5-data-1000-1000-faiss_atlas_weighted-50-15-randomwalk-2-1.0-0.01-0.1-learndiff1.0-blend0.8-level_5annot-rootdissolve-dn3-prune0.910,whole-brain Riemann manifold latent GP (inducing-point),True,5,8,8,0.3621751385272418,0.40166638580849945,0.5846287825547369,0.6449600938511413,0.7837345992104108,0.773518029730299
[full] SPECTRAL-5-4-K300-reference-5-1000-faiss_atlas_weighted-50-15-randomwalk-2-1.0-0.01-0.1-1.0-level_5annot-rootdissolve-dn3-prune0.97-learndiff1.010,whole-brain Riemann manifold latent GP (spectral / weight-space eigenbasis),True,5,8,8,0.3624535796426894,0.4013010490296227,0.5847902498593961,0.6457723730888789,0.783988940539666,0.7737561065173825
[full] SPECTRAL-5-4-K300-reference-5-1000-faiss_atlas_weighted-50-15-randomwalk-2-1.0-0.01-0.1-1.0-rootdissolve-dn3-prune0.95-learndiff1.010,whole-brain Riemann manifold latent GP (spectral / weight-space eigenbasis),True,5,8,8,0.3635799624413741,0.39970545264094803,0.5855700794947968,0.6437759459930315,0.7831677400107218,0.7747865760840895
[full] SPECTRAL-5-4-K300-reference-5-1000-faiss_atlas_weighted-50-15-randomwalk-2-1.0-0.01-0.1-1.0-level_5annot10,whole-brain Riemann manifold latent GP (spectral / weight-space eigenbasis),True,5,8,8,0.36315953998492556,0.39964020242347986,0.5850139700205327,0.6409456426651887,0.7838279719298926,0.774828882586434
[full] SPECTRAL-5-4-K100-reference-5-1000-faiss_atlas_weighted-50-15-randomwalk-2-1.0-0.01-0.1-1.0-learndiff1.010,whole-brain Riemann manifold latent GP (spectral / weight-space eigenbasis),True,5,8,8,0.3634413476423891,0.3993382877521847,0.5845723139239087,0.6500583671497178,0.7835433102144418,0.7750236101691941
[full] SPECTRAL-5-4-K100-reference-5-1000-faiss_cluster_weighted-50-15-randomwalk-2-1.0-0.01-0.1-1.0-clk64-sw1.0-cs010,whole-brain Riemann manifold latent GP (spectral / weight-space eigenbasis),True,5,8,8,0.3644113375120117,0.3977123286512989,0.5846216106303627,0.6500193278298663,0.7828409930967849,0.776071947772287
[full] SPECTRAL-5-4-K100-reference-5-1000-faiss_atlas_weighted-50-15-randomwalk-2-1.0-0.01-0.1-1.010,whole-brain Riemann manifold latent GP (spectral / weight-space eigenbasis),True,5,8,8,0.3637132551321883,0.39556980155822796,0.5833776812746841,0.6461275416433478,0.7835911004365744,0.7774460660988136
[full] SPECTRAL-5-4-K100-reference-5-1000-faiss_atlas_weighted-50-15-randomwalk-2-1.0-0.01-0.1-1.0-level_5annot10,whole-brain Riemann manifold latent GP (spectral / weight-space eigenbasis),True,5,8,8,0.36346157954386565,0.3950470792607257,0.5838125307202423,0.6482418889294908,0.7837803941280598,0.7777793443071284
[full] MANIFOLD-RSAMPLE-5-4-K300-reference-5-data-1000-1000-faiss_atlas_weighted-50-15-randomwalk-2-1.0-0.01-0.1-learndiff1.0-blend0.8-rootdissolve-dn3-prune0.9710,whole-brain Riemann manifold latent GP (inducing-point),True,5,8,8,0.3578399623369795,0.3947899484493621,0.5804680799186476,0.6409023451065556,0.7873787429757456,0.7779509460332436
[full] SPECTRAL-5-4-K1300-reference-5-1000-faiss_atlas_weighted-50-15-randomwalk-2-1.0-0.01-0.1-1.0-level_5annot-rootdissolve-dn3-prune0.97-learndiff1.0-learnspecw10,whole-brain Riemann manifold latent GP (spectral / weight-space eigenbasis),True,5,8,8,0.36170624333978374,0.39340325108987606,0.5838664808707358,0.6445341260096238,0.7846091403605705,0.7788417906573571
[full] MANIFOLD-RSAMPLE-5-4-K300-reference-5-data-1000-1000-faiss_atlas_weighted-50-15-randomwalk-2-1.0-0.01-0.1-learndiff1.0-blend0.8-level_5annot-rootdissolve-dn3-prune0.9510,whole-brain Riemann manifold latent GP (inducing-point),True,5,8,8,0.3601217148092263,0.3929183235935848,0.5827074737625012,0.6380477239202693,0.785378508843103,0.7791536087933213
[full] SPECTRAL-5-4-K1300-reference-5-1000-faiss_atlas_weighted-50-15-randomwalk-2-1.0-0.01-0.1-1.0-level_5annot-rootdissolve-dn3-prune0.95-learndiff1.010,whole-brain Riemann manifold latent GP (spectral / weight-space eigenbasis),True,5,8,8,0.3574318628104188,0.3916134430369252,0.5818617985338347,0.6474956192485306,0.7870288704217536,0.7799798761389642
[full] SPECTRAL-5-4-K2300-reference-5-1000-faiss_atlas_weighted-50-15-randomwalk-2-1.0-0.01-0.1-1.0-learndiff1.010,whole-brain Riemann manifold latent GP (spectral / weight-space eigenbasis),True,5,8,8,0.35723832107717546,0.3914100414348298,0.5829346938479875,0.6476152594906615,0.7870854861371136,0.7801147059147662
[full] SPECTRAL-5-4-K300-reference-5-1000-faiss_atlas_weighted-50-15-randomwalk-2-1.0-0.01-0.1-1.0-rootdissolve-dn3-prune0.97-learndiff1.010,whole-brain Riemann manifold latent GP (spectral / weight-space eigenbasis),True,5,8,8,0.36243300061630546,0.39081633556130146,0.5844607566744792,0.6451582086108036,0.784337922268352,0.7804896135746577
[full] SPECTRAL-5-4-K1300-reference-5-1000-faiss_atlas_weighted-50-15-randomwalk-2-1.0-0.01-0.1-1.0-level_5annot-rootdissolve-dn3-prune0.97-learndiff1.010,whole-brain Riemann manifold latent GP (spectral / weight-space eigenbasis),True,5,8,8,0.3558335768894709,0.3889563741798261,0.5801484633234854,0.6492021051138007,0.7881541044575935,0.7816888001184272
[full] SPECTRAL-5-4-K1300-reference-5-1000-faiss_atlas_weighted-50-15-randomwalk-2-1.0-0.01-0.1-1.0-level_5annot-rootdissolve-dn3-prune0.9-learndiff1.010,whole-brain Riemann manifold latent GP (spectral / weight-space eigenbasis),True,5,8,8,0.3579993812305081,0.3878315604570409,0.5818016835563833,0.6474390173847273,0.7867906419658918,0.7823880070221065
[full] SPECTRAL-5-4-K300-reference-5-1000-faiss_atlas_weighted-50-15-randomwalk-2-1.0-0.01-0.1-1.0-level_5annot-learndiff1.010,whole-brain Riemann manifold latent GP (spectral / weight-space eigenbasis),True,5,8,8,0.3622145494356917,0.38773648019159823,0.5833383853519927,0.6453427901195994,0.7844304101952752,0.7824711484175633
[full] MANIFOLD-RSAMPLE-5-4-K1300-reference-5-data-1000-1000-faiss_atlas_weighted-50-15-randomwalk-2-1.0-0.01-0.1-learndiff1.0-blend0.8-rootdissolve-dn3-prune0.910,whole-brain Riemann manifold latent GP (inducing-point),True,5,8,8,0.34125274358864777,0.38660302492643334,0.5735142447500635,0.6328005619165233,0.7965144285652614,0.783193985794506
[full] MANIFOLD-RSAMPLE-5-4-K1300-reference-5-data-1000-1000-faiss_atlas_weighted-50-15-randomwalk-2-1.0-0.01-0.1-learndiff1.0-blend0.8-rootdissolve-dn3-prune0.9510,whole-brain Riemann manifold latent GP (inducing-point),True,5,8,8,0.32569749070258663,0.38182916945689316,0.5648572395412662,0.632910268705473,0.8056148285714972,0.7862382308253864
[full] MANIFOLD-RSAMPLE-5-4-K1300-reference-5-data-1000-1000-faiss_atlas_weighted-50-15-randomwalk-2-1.0-0.01-0.1-learndiff1.0-prodard2.5-blend0.8-rootdissolve-dn3-prune0.910,whole-brain Riemann manifold latent GP (inducing-point),True,5,8,8,0.33320528850823117,0.3814235677428882,0.5708540610403592,0.6358428929837326,0.8011238404338069,0.7864933563206785
[full] MANIFOLD-RSAMPLE-5-4-K1300-reference-5-data-1000-1000-faiss_atlas_weighted-50-15-randomwalk-2-1.0-0.01-0.1-learndiff1.0-blend0.8-rootdissolve-dn3-prune0.9710,whole-brain Riemann manifold latent GP (inducing-point),True,5,8,8,0.3406533949231429,0.37979041303161504,0.5711788171381098,0.632812292758114,0.7979016256693028,0.7875235916217204
[full] MANIFOLD-RSAMPLE-5-4-K1300-reference-5-data-1000-1000-faiss_atlas_weighted-50-15-randomwalk-2-1.0-0.01-0.1-learndiff1.0-prodard2.5-blend0.8-rootdissolve-dn3-prune0.9710,whole-brain Riemann manifold latent GP (inducing-point),True,5,8,8,0.3312469287957646,0.37541861416214317,0.5695775576607942,0.632079440417523,0.8024629907684361,0.7903046132336535
[full] MANIFOLD-RSAMPLE-5-4-K1300-reference-5-data-1000-1000-faiss_atlas_weighted-50-15-randomwalk-2-1.0-0.01-0.1-learndiff1.0-prodard2.5-blend0.8-rootdissolve-dn3-prune0.9510,whole-brain Riemann manifold latent GP (inducing-point),True,5,8,8,0.33554240644053773,0.37193823205602444,0.5695969287215229,0.6274386201217728,0.8002239779889185,0.7924982733415484
[full] SPECTRAL-5-8-K6000-reference-5-1000-faiss_atlas_weighted-50-15-randomwalk-2-1.0-0.01-0.1-1.0-learndiff1.010,whole-brain Riemann manifold latent GP (spectral / weight-space eigenbasis),True,5,8,8,0.3508776094558276,0.36713451189964463,0.5772064848772258,0.6336009821198229,0.7919345562730591,0.7955182327684344
euclidean-ard-matern-nu1.5-ind1000-5-lr0.05-ep20-lbs10,euclidean,False,5,8,8,0.3273576537108613,0.36592746273900156,0.5425233476363838,0.6060918787231493,0.7998599395155906,0.7781403660774231
euclidean-no-ard-matern-nu1.5-ind1000-5-lr0.05-ep20-lbs10,euclidean,False,5,8,8,0.3299587468861111,0.3647572622713166,0.5459406742132266,0.6040832725601517,0.7984466880559922,0.7760379910469055
learnls-manifold-nu2-K1300-stride4-learnls-bs1.0-bd0.01-bw0.1-knn15-faiss_atlas_weighted-5-randomwalk-ind1000-lr0.05-ep20-lbs10-blend0.8-infl50-ptls-rootdissolve-dn3-prune0.97,manifold,False,5,8,8,0.3226682243465181,0.35847886473348367,0.540320521859006,0.6006898134323598,0.8025983199477196,0.7739208042621613
learnls-manifold-nu2-K1300-stride4-learnls-bs1.0-bd0.01-bw0.1-knn15-faiss_atlas_weighted-5-randomwalk-ind1000-lr0.05-ep20-lbs10-blend0.8-infl50-ptls-rootdissolve-dn3-prune0.9,manifold,False,5,8,8,0.32427286602723926,0.35842519397806694,0.5420040379633193,0.6016064197273825,0.8013456612825394,0.773935079574585
learnls-manifold-nu2-K1300-stride4-learnls-bs1.0-bd0.01-bw0.1-knn15-faiss_atlas_weighted-5-randomwalk-ind1000-lr0.05-ep20-lbs10-blend0.8-infl50-rootdissolve-dn3-prune0.97,manifold,False,5,8,8,0.3224754986004985,0.3580805730104666,0.5403090253508456,0.6003975425107352,0.8027542814612388,0.7738400995731354
learnls-manifold-nu2-K1300-stride4-learnls-bs1.0-bd0.01-bw0.1-knn15-faiss_atlas_weighted-5-randomwalk-ind1000-lr0.05-ep20-lbs10-blend0.8-infl50-rootdissolve-dn3-prune0.9,manifold,False,5,8,8,0.3239965613477918,0.35784748183165555,0.5418741046735945,0.601192476621562,0.8015317842364311,0.7738988101482391
[full] LGPALL-RSAMPLE-5-reference-2000-1000-learnind-ard10_log,whole-brain Euclidean (Matern) latent GP,True,5,8,8,0.24574784765397437,0.3513282254690311,0.5586128688998345,0.6246447551079377,0.8479051314168593,0.805400942634573
[full] LGPALL-RSAMPLE-5-data-2000-1000-learnind-ard10,whole-brain Euclidean (Matern) latent GP,True,5,8,8,0.30756906759635283,0.3492402398180493,0.5626558395353191,0.6232090479394887,0.8178412083560296,0.8066942625455196
[full] LGPALL-RSAMPLE-5-data-2000-1000-learnind-ard10_log,whole-brain Euclidean (Matern) latent GP,True,5,8,8,0.24714895468161774,0.34818782258186287,0.5577794102413474,0.6225118282492905,0.8472343729128976,0.8073454373072204
learnls-manifold-nu2-K1300-stride4-learnls-bs1.0-bd0.01-bw0.1-knn15-faiss_atlas_weighted-5-randomwalk-ind1000-lr0.05-ep20-lbs10-blend0.8-infl50-rootdissolve-dn3-prune0.95,manifold,False,5,8,8,0.3198510096454884,0.34808082295608656,0.5388514718254276,0.5976346543786535,0.8043526709079742,0.7737123370170593
learnls-manifold-nu2-K1300-stride4-learnls-bs1.0-bd0.01-bw0.1-knn15-faiss_atlas_weighted-5-randomwalk-ind1000-lr0.05-ep20-lbs10-blend0.8-infl50-ptls-rootdissolve-dn3-prune0.95,manifold,False,5,8,8,0.31951639338876076,0.3476792902956001,0.5385716954209956,0.5978182906651981,0.8045510992407798,0.7736014425754547
learnls-manifold-nu2-K1300-stride4-learnls-bs1.0-bd0.01-bw0.1-knn15-faiss_atlas_weighted-5-randomwalk-ind1000-lr0.05-ep20-lbs10-blend0.8-infl50-ptls-rootdissolve-dn3,manifold,False,5,8,8,0.31629448251364556,0.3416268532546214,0.5356049224892752,0.5932068073432222,0.8064702197909355,0.7754180431365967
learnls-manifold-nu2-K1300-stride4-learnls-bs1.0-bd0.01-bw0.1-knn15-faiss_atlas_weighted-5-randomwalk-ind1000-lr0.05-ep20-lbs10-blend0.8-infl50-rootdissolve-dn3,manifold,False,5,8,8,0.3161512194116257,0.34124685149334344,0.5355354313348426,0.59309874721832,0.8065559446811676,0.7754374444484711
[full] LGPALL-RSAMPLE-5-reference-2000-1000-learnind-ard10,whole-brain Euclidean (Matern) latent GP,True,5,8,8,0.3150048205590873,0.3392259396970768,0.5657999884211201,0.6219309863165503,0.8134416858874044,0.8128797276320074
learnls-manifold-nu2-K300-stride4-learnls-bs1.0-bd0.01-bw0.1-knn15-faiss_atlas_weighted-5-randomwalk-ind1000-lr0.05-ep20-lbs10-blend0.8-infl50-rootdissolve-dn3-prune0.9,manifold,False,5,8,8,0.28987848617641604,0.3207509244610294,0.508212217976989,0.5667907496371628,0.8245532736182213,0.7989570796489716
learnls-manifold-nu2-K300-stride4-learnls-bs1.0-bd0.01-bw0.1-knn15-faiss_atlas_weighted-5-randomwalk-ind1000-lr0.05-ep20-lbs10-blend0.8-infl50-ptls-rootdissolve-dn3-prune0.9,manifold,False,5,8,8,0.28917732357246695,0.31576474577828334,0.5083175169423501,0.5630289593341282,0.8249876707792282,0.7992483973503113
spectral-nu2-K1300-stride4-bw0.1-knn15-faiss_atlas_weighted-5-randomwalk-lr0.05-ep20-lbs10-rootdissolve-dn3,spectral,False,5,8,8,0.2940318283921072,0.30462470254501983,0.5273435497926364,0.5812631085432456,0.8197118997573852,0.7879396975040436
learnls-manifold-nu2-K300-stride4-learnls-bs1.0-bd0.01-bw0.1-knn15-faiss_atlas_weighted-5-randomwalk-ind1000-lr0.05-ep20-lbs10-blend0.8-infl50-ptls-rootdissolve-dn3-prune0.97,manifold,False,5,8,8,0.2799899020212047,0.29975971444050686,0.500167709340708,0.5479702961063464,0.8314348116517067,0.8003531396389008
learnls-manifold-nu2-K300-stride4-learnls-bs1.0-bd0.01-bw0.1-knn15-faiss_atlas_weighted-5-randomwalk-ind1000-lr0.05-ep20-lbs10-blend0.8-infl50-ptls-rootdissolve-dn3-prune0.95,manifold,False,5,8,8,0.2809542174747059,0.29920591601016533,0.5015495276212446,0.5500766394128757,0.8305543437600136,0.8008750379085541
learnls-manifold-nu2-K300-stride4-learnls-bs1.0-bd0.01-bw0.1-knn15-faiss_atlas_weighted-5-randomwalk-ind1000-lr0.05-ep20-lbs10-blend0.8-infl50-rootdissolve-dn3-prune0.97,manifold,False,5,8,8,0.28007679146876036,0.2991062755265408,0.50005148811302,0.5474433081613155,0.8313717782497406,0.799893707036972
learnls-manifold-nu2-K300-stride4-learnls-bs1.0-bd0.01-bw0.1-knn15-faiss_atlas_weighted-5-randomwalk-ind1000-lr0.05-ep20-lbs10-blend0.8-infl50-rootdissolve-dn3-prune0.95,manifold,False,5,8,8,0.28070781902258746,0.29620340257466166,0.5011673912068334,0.5499457990931751,0.8306795224547386,0.8001529574394226
learnls-manifold-nu2-K300-stride4-learnls-bs1.0-bd0.01-bw0.1-knn15-faiss_atlas_weighted-5-randomwalk-ind1000-lr0.05-ep20-lbs10-blend0.8-infl50-ptls-rootdissolve-dn3,manifold,False,5,8,8,0.2758600278477031,0.292474466707052,0.49625455839159766,0.5457641437981209,0.8333503007888794,0.8053596019744873
learnls-manifold-nu2-K300-stride4-learnls-bs1.0-bd0.01-bw0.1-knn15-faiss_atlas_weighted-5-randomwalk-ind1000-lr0.05-ep20-lbs10-blend0.8-infl50-rootdissolve-dn3,manifold,False,5,8,8,0.2745687707324821,0.29211611583977504,0.4953395107203177,0.5457974394155843,0.8341193363070488,0.8051956295967102
learnls-manifold-nu2-K100-stride4-learnls-bs1.0-bd0.01-bw0.1-knn15-faiss_atlas_weighted-5-randomwalk-ind1000-lr0.05-ep20-lbs10-blend0.8-infl50-rootdissolve-dn3-prune0.95,manifold,False,5,8,8,0.24547432469012698,0.2635929644655735,0.46723548459147796,0.5152221125344768,0.8532398790121078,0.8327842652797699
learnls-manifold-nu2-K100-stride4-learnls-bs1.0-bd0.01-bw0.1-knn15-faiss_atlas_weighted-5-randomwalk-ind1000-lr0.05-ep20-lbs10-blend0.8-infl50-ptls-rootdissolve-dn3-prune0.95,manifold,False,5,8,8,0.24529857948586625,0.26345586436196844,0.4672418180764538,0.5152545227238022,0.8534076198935509,0.8328275680541992
learnls-manifold-nu2-K100-stride4-learnls-bs1.0-bd0.01-bw0.1-knn15-faiss_atlas_weighted-5-randomwalk-ind1000-lr0.05-ep20-lbs10-blend0.8-infl50-ptls-rootdissolve-dn3-prune0.97,manifold,False,5,8,8,0.2417818372587642,0.2591534032484416,0.4622622826314803,0.5106867422331192,0.8556448683142662,0.8351313173770905
learnls-manifold-nu2-K100-stride4-learnls-bs1.0-bd0.01-bw0.1-knn15-faiss_atlas_weighted-5-randomwalk-ind1000-lr0.05-ep20-lbs10-blend0.8-infl50-rootdissolve-dn3-prune0.97,manifold,False,5,8,8,0.24202484855098022,0.25809695637567653,0.46287288258228265,0.5099925193221989,0.8555009081959725,0.8351372182369232
learnls-manifold-nu2-K100-stride4-learnls-bs1.0-bd0.01-bw0.1-knn15-faiss_atlas_weighted-5-randomwalk-ind1000-lr0.05-ep20-lbs10-blend0.8-infl50-rootdissolve-dn3-prune0.9,manifold,False,5,8,8,0.24398360345892733,0.25676835039483975,0.46605683489649624,0.508421623425003,0.8541394159197807,0.8337382972240448
learnls-manifold-nu2-K100-stride4-learnls-bs1.0-bd0.01-bw0.1-knn15-faiss_atlas_weighted-5-randomwalk-ind1000-lr0.05-ep20-lbs10-blend0.8-infl50-ptls-rootdissolve-dn3-prune0.9,manifold,False,5,8,8,0.2438343885874205,0.25647980480889315,0.4661106778172721,0.5084221742744404,0.8542361557483673,0.8338466286659241
learnls-manifold-nu2-K100-stride4-learnls-bs1.0-bd0.01-bw0.1-knn15-faiss_atlas_weighted-5-randomwalk-ind1000-lr0.05-ep20-lbs10-blend0.8-infl50-rootdissolve-dn3,manifold,False,5,8,8,0.23195207097136059,0.23566892061143718,0.45536940277343857,0.4898204749851909,0.8615589797496795,0.8437671661376953
spectral-nu2-K100-stride4-bw0.1-knn15-faiss_atlas_weighted-5-randomwalk-lr0.05-ep20-lbs10-rootdissolve-dn3,spectral,False,5,8,8,0.2298740251567472,0.2349693080275403,0.45464248120156403,0.48837028414918693,0.8628682643175125,0.8446026742458344
learnls-manifold-nu2-K100-stride4-learnls-bs1.0-bd0.01-bw0.1-knn15-faiss_atlas_weighted-5-randomwalk-ind1000-lr0.05-ep20-lbs10-blend0.8-infl50-ptls-rootdissolve-dn3,manifold,False,5,8,8,0.23149446115528374,0.23417187574905218,0.4552852398158027,0.48994270706726095,0.8618365153670311,0.8437554240226746
