run,fold,kernel_family,failed,n_lipids,wall_time_sec,test_rmse_z_mean,test_rmse_z_median,test_corr_mean,test_corr_median,test_r2_mean,test_r2_median,mean_pred_std_z_mean,mean_pred_std_z_median,fit_sec_mean,fit_sec_median
FOLD-1-euclidean-ard-matern-nu1.5-ind1000-5-lr0.05-ep20-lbs1010,fold_1,euclidean,False,5,4028.5074005126953,0.7239476323127747,0.7300769686698914,0.5515590694458709,0.6151393310146024,0.33046740269148256,0.364588614499716,0.7748655676841736,0.7630611658096313,768.5328538417816,768.5328538417816
FOLD-1-euclidean-no-ard-matern-nu1.5-ind1000-5-lr0.05-ep20-lbs1010,fold_1,euclidean,False,5,2539.669049501419,0.7228448390960693,0.728076159954071,0.5531295265259523,0.614810295251302,0.33286632809157374,0.3694863032651683,0.7747488856315613,0.7632697820663452,481.6797352790833,481.6797352790833
FOLD-1-learnls-manifold-nu2-K100-stride4-learnls-bs1.0-bd0.01-bw0.1-knn15-faiss_atlas_weighted-5-randomwalk-ind1000-lr0.05-ep20-lbs10-blend0.8-infl50-ptls-rootdissolve-dn3-prune0.910,fold_1,manifold,False,5,5469.990761041641,0.7741418600082397,0.7976112365722656,0.47520422346775304,0.5149734263028583,0.2545032412632967,0.2597862067225311,0.8469326496124268,0.8464758992195129,1091.1212975025178,1091.1212975025178
FOLD-1-learnls-manifold-nu2-K100-stride4-learnls-bs1.0-bd0.01-bw0.1-knn15-faiss_atlas_weighted-5-randomwalk-ind1000-lr0.05-ep20-lbs10-blend0.8-infl50-ptls-rootdissolve-dn3-prune0.9510,fold_1,manifold,False,5,5470.799360275269,0.7728105068206788,0.7960413694381714,0.4766846288753217,0.5199857938059778,0.2570896810191453,0.2662396992738204,0.8460904717445373,0.8418895602226257,1091.370619058609,1091.370619058609
FOLD-1-learnls-manifold-nu2-K100-stride4-learnls-bs1.0-bd0.01-bw0.1-knn15-faiss_atlas_weighted-5-randomwalk-ind1000-lr0.05-ep20-lbs10-blend0.8-infl50-ptls-rootdissolve-dn3-prune0.9710,fold_1,manifold,False,5,5281.027690172195,0.7724127292633056,0.7932010293006897,0.4775425849384417,0.521805979128553,0.25905702689424526,0.2675048997561731,0.8510639429092407,0.8462252020835876,1053.1377802371978,1053.1377802371978
FOLD-1-learnls-manifold-nu2-K100-stride4-learnls-bs1.0-bd0.01-bw0.1-knn15-faiss_atlas_weighted-5-randomwalk-ind1000-lr0.05-ep20-lbs10-blend0.8-infl50-ptls-rootdissolve-dn310,fold_1,manifold,False,5,5419.420914411545,0.7816786766052246,0.7978120446205139,0.4653395548098091,0.4930145443591789,0.24241919521667424,0.2375923203544661,0.8504380583763123,0.8556113243103027,1080.8458778381348,1080.8458778381348
FOLD-1-learnls-manifold-nu2-K100-stride4-learnls-bs1.0-bd0.01-bw0.1-knn15-faiss_atlas_weighted-5-randomwalk-ind1000-lr0.05-ep20-lbs10-blend0.8-infl50-rootdissolve-dn3-prune0.910,fold_1,manifold,False,5,3022.0260994434357,0.7742353081703186,0.7967336773872375,0.47483109597772916,0.5150136058608464,0.25433324108447997,0.2600180744440634,0.8458109259605407,0.8461671471595764,602.235601568222,602.235601568222
FOLD-1-learnls-manifold-nu2-K100-stride4-learnls-bs1.0-bd0.01-bw0.1-knn15-faiss_atlas_weighted-5-randomwalk-ind1000-lr0.05-ep20-lbs10-blend0.8-infl50-rootdissolve-dn3-prune0.9510,fold_1,manifold,False,5,3031.488504886627,0.7727976083755493,0.7955523133277893,0.476504777365409,0.5200753069686855,0.2571753213030975,0.2663267424376878,0.8456040263175965,0.841655969619751,604.068819475174,604.068819475174
FOLD-1-learnls-manifold-nu2-K100-stride4-learnls-bs1.0-bd0.01-bw0.1-knn15-faiss_atlas_weighted-5-randomwalk-ind1000-lr0.05-ep20-lbs10-blend0.8-infl50-rootdissolve-dn3-prune0.9710,fold_1,manifold,False,5,3033.8014357089996,0.7725325345993042,0.7931498885154724,0.4772438163519716,0.5218690132408512,0.25878539739962225,0.2675293905854707,0.8507139563560486,0.845823347568512,604.6523503303528,604.6523503303528
FOLD-1-learnls-manifold-nu2-K100-stride4-learnls-bs1.0-bd0.01-bw0.1-knn15-faiss_atlas_weighted-5-randomwalk-ind1000-lr0.05-ep20-lbs10-blend0.8-infl50-rootdissolve-dn310,fold_1,manifold,False,5,3012.9791519641876,0.7819225549697876,0.7975424528121948,0.46502294730313043,0.4927428333110298,0.24193657537536523,0.2374372117689143,0.850517189502716,0.8550703525543213,600.1020098686218,600.1020098686218
FOLD-1-learnls-manifold-nu2-K1300-stride4-learnls-bs1.0-bd0.01-bw0.1-knn15-faiss_atlas_weighted-5-randomwalk-ind1000-lr0.05-ep20-lbs10-blend0.8-infl50-ptls-rootdissolve-dn3-prune0.910,fold_1,manifold,False,5,13188.18684887886,0.7187746047973633,0.7215905785560608,0.5543516534006947,0.6188240854059543,0.33765896834432213,0.373394498914452,0.7692204475402832,0.7523829936981201,2633.15133934021,2633.15133934021
FOLD-1-learnls-manifold-nu2-K1300-stride4-learnls-bs1.0-bd0.01-bw0.1-knn15-faiss_atlas_weighted-5-randomwalk-ind1000-lr0.05-ep20-lbs10-blend0.8-infl50-ptls-rootdissolve-dn3-prune0.9510,fold_1,manifold,False,5,6878.818707227707,0.7193116545677185,0.7217530012130737,0.5536478525406198,0.6177343623430573,0.33712470446273296,0.3731411619594444,0.7725875854492188,0.757278323173523,1370.9434625148774,1370.9434625148774
FOLD-1-learnls-manifold-nu2-K1300-stride4-learnls-bs1.0-bd0.01-bw0.1-knn15-faiss_atlas_weighted-5-randomwalk-ind1000-lr0.05-ep20-lbs10-blend0.8-infl50-ptls-rootdissolve-dn3-prune0.9710,fold_1,manifold,False,5,13734.8273396492,0.7196558117866516,0.7220916152000427,0.5530854773613203,0.6171839912693359,0.3368796399848414,0.3723817872198582,0.7737782597541809,0.7583945989608765,2740.633572483063,2740.633572483063
FOLD-1-learnls-manifold-nu2-K1300-stride4-learnls-bs1.0-bd0.01-bw0.1-knn15-faiss_atlas_weighted-5-randomwalk-ind1000-lr0.05-ep20-lbs10-blend0.8-infl50-ptls-rootdissolve-dn310,fold_1,manifold,False,5,13167.076600313187,0.721884024143219,0.7250747084617615,0.5500488537801603,0.6144955053814203,0.33212881594189897,0.3670665351159264,0.7664303541183471,0.750239908695221,2626.617266702652,2626.617266702652
FOLD-1-learnls-manifold-nu2-K1300-stride4-learnls-bs1.0-bd0.01-bw0.1-knn15-faiss_atlas_weighted-5-randomwalk-ind1000-lr0.05-ep20-lbs10-blend0.8-infl50-rootdissolve-dn3-prune0.910,fold_1,manifold,False,5,3295.447826862335,0.7189746856689453,0.721996009349823,0.5540703441797629,0.6196490307309118,0.33721044886954493,0.3738496466641264,0.768937623500824,0.7517408728599548,655.9634023666382,655.9634023666382
FOLD-1-learnls-manifold-nu2-K1300-stride4-learnls-bs1.0-bd0.01-bw0.1-knn15-faiss_atlas_weighted-5-randomwalk-ind1000-lr0.05-ep20-lbs10-blend0.8-infl50-rootdissolve-dn3-prune0.9510,fold_1,manifold,False,5,3290.8711659908295,0.7195268988609314,0.7224826812744141,0.5534206019382781,0.6183634017673271,0.3366083232862186,0.3736965524757896,0.7727015614509583,0.757487952709198,655.3411983966828,655.3411983966828
FOLD-1-learnls-manifold-nu2-K1300-stride4-learnls-bs1.0-bd0.01-bw0.1-knn15-faiss_atlas_weighted-5-randomwalk-ind1000-lr0.05-ep20-lbs10-blend0.8-infl50-rootdissolve-dn3-prune0.9710,fold_1,manifold,False,5,3307.876005411148,0.7197728037834168,0.722122311592102,0.5531837977941102,0.6179321581540387,0.33666773323983423,0.3732753314160513,0.773911988735199,0.7585271596908569,659.0712805271148,659.0712805271148
FOLD-1-learnls-manifold-nu2-K1300-stride4-learnls-bs1.0-bd0.01-bw0.1-knn15-faiss_atlas_weighted-5-randomwalk-ind1000-lr0.05-ep20-lbs10-blend0.8-infl50-rootdissolve-dn310,fold_1,manifold,False,5,3224.725553750992,0.7221526265144348,0.7252793312072754,0.5494890582767074,0.6149233916962646,0.33152020709847135,0.3674979341826456,0.7660989999771118,0.7495273947715759,642.1445356845855,642.1445356845855
FOLD-1-learnls-manifold-nu2-K300-stride4-learnls-bs1.0-bd0.01-bw0.1-knn15-faiss_atlas_weighted-5-randomwalk-ind1000-lr0.05-ep20-lbs10-blend0.8-infl50-ptls-rootdissolve-dn3-prune0.910,fold_1,manifold,False,5,5534.008085489273,0.7414571404457092,0.7545512914657593,0.5239691785736622,0.5787289601875939,0.30556836285950356,0.3251674971284237,0.8073343634605408,0.8027237057685852,1103.6213639259338,1103.6213639259338
FOLD-1-learnls-manifold-nu2-K300-stride4-learnls-bs1.0-bd0.01-bw0.1-knn15-faiss_atlas_weighted-5-randomwalk-ind1000-lr0.05-ep20-lbs10-blend0.8-infl50-ptls-rootdissolve-dn3-prune0.9510,fold_1,manifold,False,5,5719.489155292511,0.7452982425689697,0.7632309198379517,0.5211741555460201,0.5759474876402355,0.3007894233769285,0.319762127254349,0.8162313103675842,0.8106962442398071,1140.8625473022462,1140.8625473022462
FOLD-1-learnls-manifold-nu2-K300-stride4-learnls-bs1.0-bd0.01-bw0.1-knn15-faiss_atlas_weighted-5-randomwalk-ind1000-lr0.05-ep20-lbs10-blend0.8-infl50-ptls-rootdissolve-dn3-prune0.9710,fold_1,manifold,False,5,5626.627754211426,0.7474105358123779,0.7683526873588562,0.5174218850647468,0.5712061490242131,0.29780077079621037,0.3155455697998177,0.8215824842453003,0.8177390098571777,1122.222706747055,1122.222706747055
FOLD-1-learnls-manifold-nu2-K300-stride4-learnls-bs1.0-bd0.01-bw0.1-knn15-faiss_atlas_weighted-5-randomwalk-ind1000-lr0.05-ep20-lbs10-blend0.8-infl50-ptls-rootdissolve-dn310,fold_1,manifold,False,5,5530.428013086319,0.747345757484436,0.7603486776351929,0.5153186666983112,0.5635651381054254,0.2957873376723561,0.3075731157275441,0.811598026752472,0.8122497797012329,1103.0296531677243,1103.0296531677243
FOLD-1-learnls-manifold-nu2-K300-stride4-learnls-bs1.0-bd0.01-bw0.1-knn15-faiss_atlas_weighted-5-randomwalk-ind1000-lr0.05-ep20-lbs10-blend0.8-infl50-rootdissolve-dn3-prune0.910,fold_1,manifold,False,5,3171.4693615436554,0.7414912104606628,0.7549706101417542,0.5234863817651978,0.5791140136576369,0.3055915070593092,0.3252469067870555,0.8069871544837952,0.8021947741508484,632.168389415741,632.168389415741
FOLD-1-learnls-manifold-nu2-K300-stride4-learnls-bs1.0-bd0.01-bw0.1-knn15-faiss_atlas_weighted-5-randomwalk-ind1000-lr0.05-ep20-lbs10-blend0.8-infl50-rootdissolve-dn3-prune0.9510,fold_1,manifold,False,5,3080.9773967266083,0.7452844738960266,0.7633881568908691,0.5209906606672599,0.576207047864272,0.3007369577678794,0.3202127161050633,0.8161051511764527,0.8108347058296204,613.747520494461,613.747520494461
FOLD-1-learnls-manifold-nu2-K300-stride4-learnls-bs1.0-bd0.01-bw0.1-knn15-faiss_atlas_weighted-5-randomwalk-ind1000-lr0.05-ep20-lbs10-blend0.8-infl50-rootdissolve-dn3-prune0.9710,fold_1,manifold,False,5,3153.008802175522,0.747372841835022,0.768317699432373,0.5172600704479577,0.5713753199844597,0.29783281878509343,0.3157856541415689,0.8214906692504883,0.8176724910736084,628.2252401828766,628.2252401828766
FOLD-1-learnls-manifold-nu2-K300-stride4-learnls-bs1.0-bd0.01-bw0.1-knn15-faiss_atlas_weighted-5-randomwalk-ind1000-lr0.05-ep20-lbs10-blend0.8-infl50-rootdissolve-dn310,fold_1,manifold,False,5,3169.282612800598,0.747433316707611,0.7606717348098755,0.5147671586151324,0.5640057793282367,0.2956470799341243,0.3076609010377538,0.8110932111740112,0.8113579750061035,631.6896303176879,631.6896303176879
FOLD-1-spectral-nu2-K100-stride4-bw0.1-knn15-faiss_atlas_weighted-5-randomwalk-lr0.05-ep20-lbs10-rootdissolve-dn310,fold_1,spectral,False,5,741.3557693958282,0.7831086754798889,0.7947103977203369,0.46449190385927064,0.4903666352434402,0.24009646965342704,0.2294045378220041,0.8539458036422729,0.8706610798835754,146.95943441390992,146.95943441390992
FOLD-1-spectral-nu2-K1300-stride4-bw0.1-knn15-faiss_atlas_weighted-5-randomwalk-lr0.05-ep20-lbs10-rootdissolve-dn310,fold_1,spectral,False,5,793.441828250885,0.7237632513046265,0.7432411313056946,0.5532457704213444,0.6194457481248299,0.3265438672883735,0.3757592952239066,0.7760091781616211,0.7657970786094666,157.20486464500428,157.20486464500428
FOLD-2-euclidean-ard-matern-nu1.5-ind1000-5-lr0.05-ep20-lbs1010,fold_2,euclidean,False,5,2656.605571269989,0.750839352607727,0.768578827381134,0.5546845654543403,0.6173735507597425,0.3397398073886374,0.3798999518632777,0.7779433965682984,0.7719030380249023,504.9693596363069,504.9693596363068
FOLD-2-euclidean-no-ard-matern-nu1.5-ind1000-5-lr0.05-ep20-lbs1010,fold_2,euclidean,False,5,2554.6786766052246,0.75046226978302,0.7682942748069763,0.5558809502634665,0.6168871357669401,0.34056308522881473,0.3787032008190849,0.7769980788230896,0.7713031768798828,484.2958947181702,484.2958947181702
FOLD-2-learnls-manifold-nu2-K100-stride4-learnls-bs1.0-bd0.01-bw0.1-knn15-faiss_atlas_weighted-5-randomwalk-ind1000-lr0.05-ep20-lbs10-blend0.8-infl50-ptls-rootdissolve-dn3-prune0.910,fold_2,manifold,False,5,5177.784440279007,0.8104750275611877,0.8289136290550232,0.47166631633402434,0.508761551839036,0.2466032030179725,0.2552778349768636,0.8526549696922302,0.8612841367721558,1032.0952684402466,1032.0952684402466
FOLD-2-learnls-manifold-nu2-K100-stride4-learnls-bs1.0-bd0.01-bw0.1-knn15-faiss_atlas_weighted-5-randomwalk-ind1000-lr0.05-ep20-lbs10-blend0.8-infl50-ptls-rootdissolve-dn3-prune0.9510,fold_2,manifold,False,5,5204.095584630966,0.8103049278259278,0.8305399417877197,0.47206556351566054,0.5127871557520963,0.2471805868305041,0.2606720294501164,0.8518490195274353,0.8567872643470764,1037.39503698349,1037.39503698349
FOLD-2-learnls-manifold-nu2-K100-stride4-learnls-bs1.0-bd0.01-bw0.1-knn15-faiss_atlas_weighted-5-randomwalk-ind1000-lr0.05-ep20-lbs10-blend0.8-infl50-ptls-rootdissolve-dn3-prune0.9710,fold_2,manifold,False,5,4994.096535205841,0.8126927137374877,0.8358677625656128,0.4670960586536994,0.5107680004646705,0.24339337284015938,0.2582664909439156,0.8542241096496582,0.8557490706443787,995.6778800010682,995.6778800010682
FOLD-2-learnls-manifold-nu2-K100-stride4-learnls-bs1.0-bd0.01-bw0.1-knn15-faiss_atlas_weighted-5-randomwalk-ind1000-lr0.05-ep20-lbs10-blend0.8-infl50-ptls-rootdissolve-dn310,fold_2,manifold,False,5,5103.292544841766,0.817835807800293,0.8362495303153992,0.46080461076675905,0.4890128660706057,0.23432702344119657,0.2345853982054193,0.8580416202545166,0.8695070743560791,1016.3110240936279,1016.311024093628
FOLD-2-learnls-manifold-nu2-K100-stride4-learnls-bs1.0-bd0.01-bw0.1-knn15-faiss_atlas_weighted-5-randomwalk-ind1000-lr0.05-ep20-lbs10-blend0.8-infl50-rootdissolve-dn3-prune0.910,fold_2,manifold,False,5,4243.875089883804,0.8102129578590394,0.8288283944129944,0.47170624358521585,0.5088328818701051,0.24710953152490447,0.255824932674364,0.8524315237998963,0.8609256148338318,845.5162546157837,845.5162546157837
FOLD-2-learnls-manifold-nu2-K100-stride4-learnls-bs1.0-bd0.01-bw0.1-knn15-faiss_atlas_weighted-5-randomwalk-ind1000-lr0.05-ep20-lbs10-blend0.8-infl50-rootdissolve-dn3-prune0.9510,fold_2,manifold,False,5,2959.2504065036774,0.8101434111595154,0.8305028676986694,0.47204425549949436,0.5127629668063666,0.2475098000106115,0.2609405444810071,0.8517879843711853,0.8567067384719849,589.5367587566376,589.5367587566376
FOLD-2-learnls-manifold-nu2-K100-stride4-learnls-bs1.0-bd0.01-bw0.1-knn15-faiss_atlas_weighted-5-randomwalk-ind1000-lr0.05-ep20-lbs10-blend0.8-infl50-rootdissolve-dn3-prune0.9710,fold_2,manifold,False,5,2888.9220929145813,0.8126838326454162,0.8358935117721558,0.46703717147409335,0.5106788740217263,0.24342309567010786,0.2582036241519807,0.8541922688484191,0.8557847142219543,574.9230408191681,574.9230408191681
FOLD-2-learnls-manifold-nu2-K100-stride4-learnls-bs1.0-bd0.01-bw0.1-knn15-faiss_atlas_weighted-5-randomwalk-ind1000-lr0.05-ep20-lbs10-blend0.8-infl50-rootdissolve-dn310,fold_2,manifold,False,5,3088.968116044998,0.8175731182098389,0.836186408996582,0.4609381226673116,0.4886777948962025,0.23486040437755862,0.2346461619801151,0.8581905126571655,0.8698399066925049,615.4338811397553,615.4338811397553
FOLD-2-learnls-manifold-nu2-K1300-stride4-learnls-bs1.0-bd0.01-bw0.1-knn15-faiss_atlas_weighted-5-randomwalk-ind1000-lr0.05-ep20-lbs10-blend0.8-infl50-ptls-rootdissolve-dn3-prune0.910,fold_2,manifold,False,5,13096.65555357933,0.7479797005653381,0.7629526853561401,0.5609254851770741,0.6297863481552021,0.3416895735256281,0.3892629873171952,0.7722062587738037,0.7638559341430664,2611.620316171646,2611.620316171646
FOLD-2-learnls-manifold-nu2-K1300-stride4-learnls-bs1.0-bd0.01-bw0.1-knn15-faiss_atlas_weighted-5-randomwalk-ind1000-lr0.05-ep20-lbs10-blend0.8-infl50-ptls-rootdissolve-dn3-prune0.9510,fold_2,manifold,False,5,6572.458352088928,0.748716390132904,0.7633295655250549,0.5602044614388919,0.6302292034743282,0.3407969730698842,0.3886594213695725,0.775826096534729,0.7680819034576416,1309.1448238372802,1309.1448238372802
FOLD-2-learnls-manifold-nu2-K1300-stride4-learnls-bs1.0-bd0.01-bw0.1-knn15-faiss_atlas_weighted-5-randomwalk-ind1000-lr0.05-ep20-lbs10-blend0.8-infl50-ptls-rootdissolve-dn3-prune0.9710,fold_2,manifold,False,5,6808.036473989487,0.7484702706336975,0.7627882957458496,0.5607061968483413,0.6306128516168904,0.3412961803404674,0.389526132942369,0.7769602417945862,0.7695135474205017,1356.6869432926178,1356.6869432926178
FOLD-2-learnls-manifold-nu2-K1300-stride4-learnls-bs1.0-bd0.01-bw0.1-knn15-faiss_atlas_weighted-5-randomwalk-ind1000-lr0.05-ep20-lbs10-blend0.8-infl50-ptls-rootdissolve-dn310,fold_2,manifold,False,5,6695.159382343292,0.7533080697059631,0.773836076259613,0.554235071058339,0.6155935156638876,0.33422256090855473,0.3717145165731629,0.777295184135437,0.7726253867149353,1333.760110616684,1333.760110616684
FOLD-2-learnls-manifold-nu2-K1300-stride4-learnls-bs1.0-bd0.01-bw0.1-knn15-faiss_atlas_weighted-5-randomwalk-ind1000-lr0.05-ep20-lbs10-blend0.8-infl50-rootdissolve-dn3-prune0.910,fold_2,manifold,False,5,3201.771473169327,0.7478471159934997,0.7633033394813538,0.5607078353350863,0.6297576531304279,0.3421235036381659,0.3887013922242593,0.7721341848373413,0.7631996870040894,637.4219576835633,637.4219576835633
FOLD-2-learnls-manifold-nu2-K1300-stride4-learnls-bs1.0-bd0.01-bw0.1-knn15-faiss_atlas_weighted-5-randomwalk-ind1000-lr0.05-ep20-lbs10-blend0.8-infl50-rootdissolve-dn3-prune0.9510,fold_2,manifold,False,5,3235.6035811901093,0.7485462665557862,0.7634896039962769,0.5603181614053095,0.6302717521966308,0.3412706364768604,0.3884030322465924,0.775771963596344,0.7680650949478149,644.0910947322845,644.0910947322845
FOLD-2-learnls-manifold-nu2-K1300-stride4-learnls-bs1.0-bd0.01-bw0.1-knn15-faiss_atlas_weighted-5-randomwalk-ind1000-lr0.05-ep20-lbs10-blend0.8-infl50-rootdissolve-dn3-prune0.9710,fold_2,manifold,False,5,3174.7459106445312,0.7481759786605835,0.7628927230834961,0.5611320610398272,0.6306091051398289,0.34203871793258894,0.3893589654443841,0.7768696188926697,0.7694246768951416,632.1774259567261,632.1774259567261
FOLD-2-learnls-manifold-nu2-K1300-stride4-learnls-bs1.0-bd0.01-bw0.1-knn15-faiss_atlas_weighted-5-randomwalk-ind1000-lr0.05-ep20-lbs10-blend0.8-infl50-rootdissolve-dn310,fold_2,manifold,False,5,3215.7619259357452,0.7534168004989624,0.7741211652755737,0.5540279103743225,0.6155405104892883,0.33415778056549134,0.3712514500751314,0.777295982837677,0.7720581889152527,640.0296266555786,640.0296266555786
FOLD-2-learnls-manifold-nu2-K300-stride4-learnls-bs1.0-bd0.01-bw0.1-knn15-faiss_atlas_weighted-5-randomwalk-ind1000-lr0.05-ep20-lbs10-blend0.8-infl50-ptls-rootdissolve-dn3-prune0.910,fold_2,manifold,False,5,5502.167977333069,0.7741818785667419,0.7772889733314514,0.524767624237947,0.5811178558995312,0.3040771551623115,0.3311870476331615,0.8085627555847168,0.8073014616966248,1096.5149854183196,1096.5149854183196
FOLD-2-learnls-manifold-nu2-K300-stride4-learnls-bs1.0-bd0.01-bw0.1-knn15-faiss_atlas_weighted-5-randomwalk-ind1000-lr0.05-ep20-lbs10-blend0.8-infl50-ptls-rootdissolve-dn3-prune0.9510,fold_2,manifold,False,5,5225.867555856705,0.7790646195411682,0.7843735218048096,0.5189391689848363,0.5762819929714661,0.2966302828809824,0.3265099372933953,0.8157312870025635,0.8152545690536499,1041.7542363643647,1041.7542363643647
FOLD-2-learnls-manifold-nu2-K300-stride4-learnls-bs1.0-bd0.01-bw0.1-knn15-faiss_atlas_weighted-5-randomwalk-ind1000-lr0.05-ep20-lbs10-blend0.8-infl50-ptls-rootdissolve-dn3-prune0.9710,fold_2,manifold,False,5,6572.411125659943,0.7807081818580628,0.7880057692527771,0.5168909471362613,0.5748813690737313,0.2947623175021832,0.3259749207587579,0.8215344429016114,0.8232207894325256,1308.2421135425568,1308.2421135425568
FOLD-2-learnls-manifold-nu2-K300-stride4-learnls-bs1.0-bd0.01-bw0.1-knn15-faiss_atlas_weighted-5-randomwalk-ind1000-lr0.05-ep20-lbs10-blend0.8-infl50-ptls-rootdissolve-dn310,fold_2,manifold,False,5,7586.929323911667,0.7814342141151428,0.7835275530815125,0.5125329283148978,0.563219416358915,0.29211703708107534,0.3110817106318081,0.8159657001495362,0.8193256258964539,1512.3317501068116,1512.3317501068116
FOLD-2-learnls-manifold-nu2-K300-stride4-learnls-bs1.0-bd0.01-bw0.1-knn15-faiss_atlas_weighted-5-randomwalk-ind1000-lr0.05-ep20-lbs10-blend0.8-infl50-rootdissolve-dn3-prune0.910,fold_2,manifold,False,5,5308.8806982040405,0.7741335272789002,0.777155339717865,0.5243100426005212,0.5812157940477704,0.3041824402405789,0.3312011423231682,0.8081905245780945,0.806706964969635,1058.5428970336914,1058.5428970336914
FOLD-2-learnls-manifold-nu2-K300-stride4-learnls-bs1.0-bd0.01-bw0.1-knn15-faiss_atlas_weighted-5-randomwalk-ind1000-lr0.05-ep20-lbs10-blend0.8-infl50-rootdissolve-dn3-prune0.9510,fold_2,manifold,False,5,4373.99706864357,0.7788430690765381,0.7840667963027954,0.5188372901572231,0.5764363846370788,0.2970103224750998,0.3269870984814336,0.8155014395713807,0.814888060092926,872.4192402362823,872.4192402362823
FOLD-2-learnls-manifold-nu2-K300-stride4-learnls-bs1.0-bd0.01-bw0.1-knn15-faiss_atlas_weighted-5-randomwalk-ind1000-lr0.05-ep20-lbs10-blend0.8-infl50-rootdissolve-dn3-prune0.9710,fold_2,manifold,False,5,4867.347374916077,0.7805147647857666,0.7877834439277649,0.5168643827292156,0.5750858973691402,0.2951100965074191,0.3265550850464646,0.8216122984886169,0.8233409523963928,970.2211300849916,970.2211300849916
FOLD-2-learnls-manifold-nu2-K300-stride4-learnls-bs1.0-bd0.01-bw0.1-knn15-faiss_atlas_weighted-5-randomwalk-ind1000-lr0.05-ep20-lbs10-blend0.8-infl50-rootdissolve-dn310,fold_2,manifold,False,5,5300.604256629944,0.7814388155937195,0.7833806276321411,0.5121386157151235,0.563388534232058,0.2921121656211351,0.3113436928857432,0.8157509326934814,0.818773090839386,1056.9366778850556,1056.9366778850556
FOLD-2-spectral-nu2-K100-stride4-bw0.1-knn15-faiss_atlas_weighted-5-randomwalk-lr0.05-ep20-lbs10-rootdissolve-dn310,fold_2,spectral,False,5,732.4930558204651,0.8170878529548645,0.8380869626998901,0.46068178359646295,0.490354532599581,0.2361339295672873,0.2399554303529462,0.8439009308815002,0.8614219427108765,145.14686965942383,145.14686965942383
FOLD-2-spectral-nu2-K1300-stride4-bw0.1-knn15-faiss_atlas_weighted-5-randomwalk-lr0.05-ep20-lbs10-rootdissolve-dn310,fold_2,spectral,False,5,914.7354671955109,0.7526189804077148,0.7711676955223083,0.5580162586003599,0.6228633842061787,0.3337432440964634,0.3760400203285701,0.7642441868782044,0.7545280456542969,181.09381804466247,181.09381804466247
FOLD-3-euclidean-ard-matern-nu1.5-ind1000-5-lr0.05-ep20-lbs1010,fold_3,euclidean,False,5,2715.56960272789,0.7525885462760925,0.7791451811790466,0.5372733127678518,0.5793281038006595,0.3228300739074599,0.3297328990924625,0.7728520035743713,0.7611252665519714,513.7465190887451,513.7465190887451
FOLD-3-euclidean-no-ard-matern-nu1.5-ind1000-5-lr0.05-ep20-lbs1010,fold_3,euclidean,False,5,3777.2681398391724,0.7523861527442932,0.7779412865638733,0.5378232743831697,0.5792594320987364,0.323187195871401,0.3292693383160011,0.772449004650116,0.7611802816390991,719.2978029727935,719.2978029727935
FOLD-3-learnls-manifold-nu2-K100-stride4-learnls-bs1.0-bd0.01-bw0.1-knn15-faiss_atlas_weighted-5-randomwalk-ind1000-lr0.05-ep20-lbs10-blend0.8-infl50-ptls-rootdissolve-dn3-prune0.910,fold_3,manifold,False,5,9643.630228757858,0.8059316992759704,0.8056812286376953,0.45051147916848067,0.460549154798739,0.23716540326943747,0.2071570140349411,0.8470605373382568,0.8461390137672424,1924.7272963047028,1924.7272963047028
FOLD-3-learnls-manifold-nu2-K100-stride4-learnls-bs1.0-bd0.01-bw0.1-knn15-faiss_atlas_weighted-5-randomwalk-ind1000-lr0.05-ep20-lbs10-blend0.8-infl50-ptls-rootdissolve-dn3-prune0.9510,fold_3,manifold,False,5,8911.220453739166,0.8051722645759583,0.8063015341758728,0.4523280189587295,0.4700682277412099,0.23874409632827026,0.2161119448780494,0.8480263113975525,0.8458105325698853,1779.1923461437225,1779.1923461437225
FOLD-3-learnls-manifold-nu2-K100-stride4-learnls-bs1.0-bd0.01-bw0.1-knn15-faiss_atlas_weighted-5-randomwalk-ind1000-lr0.05-ep20-lbs10-blend0.8-infl50-ptls-rootdissolve-dn3-prune0.9710,fold_3,manifold,False,5,6755.2329132556915,0.807960844039917,0.8084189891815186,0.44681422471809207,0.4653451681962744,0.23399210457583366,0.2120675701712402,0.8510815382003785,0.8477230668067932,1347.6573551177978,1347.6573551177978
FOLD-3-learnls-manifold-nu2-K100-stride4-learnls-bs1.0-bd0.01-bw0.1-knn15-faiss_atlas_weighted-5-randomwalk-ind1000-lr0.05-ep20-lbs10-blend0.8-infl50-ptls-rootdissolve-dn310,fold_3,manifold,False,5,5069.026570320129,0.8116730570793151,0.8068305253982544,0.4414613503626891,0.4496389910242811,0.22759132142985933,0.1980926285915811,0.8522969007492065,0.852221667766571,1010.2728713035583,1010.2728713035584
FOLD-3-learnls-manifold-nu2-K100-stride4-learnls-bs1.0-bd0.01-bw0.1-knn15-faiss_atlas_weighted-5-randomwalk-ind1000-lr0.05-ep20-lbs10-blend0.8-infl50-rootdissolve-dn3-prune0.910,fold_3,manifold,False,5,5365.20420217514,0.8059159636497497,0.8054100871086121,0.4503338481026756,0.4600646065347027,0.23717551679717624,0.2067901851847084,0.846887755393982,0.845824122428894,1070.0394852638244,1070.0394852638244
FOLD-3-learnls-manifold-nu2-K100-stride4-learnls-bs1.0-bd0.01-bw0.1-knn15-faiss_atlas_weighted-5-randomwalk-ind1000-lr0.05-ep20-lbs10-blend0.8-infl50-rootdissolve-dn3-prune0.9510,fold_3,manifold,False,5,2948.624500274658,0.8051706552505493,0.8062364459037781,0.4522542555255978,0.4700039073503855,0.23873448220465207,0.2159840250738657,0.848047399520874,0.8458069562911987,586.751655292511,586.751655292511
FOLD-3-learnls-manifold-nu2-K100-stride4-learnls-bs1.0-bd0.01-bw0.1-knn15-faiss_atlas_weighted-5-randomwalk-ind1000-lr0.05-ep20-lbs10-blend0.8-infl50-rootdissolve-dn3-prune0.9710,fold_3,manifold,False,5,3004.454976797104,0.8079073548316955,0.8079946637153625,0.44690572449540084,0.4652808211153914,0.23410263718674512,0.211976927306898,0.8511620163917542,0.847446858882904,598.3470222473145,598.3470222473145
FOLD-3-learnls-manifold-nu2-K100-stride4-learnls-bs1.0-bd0.01-bw0.1-knn15-faiss_atlas_weighted-5-randomwalk-ind1000-lr0.05-ep20-lbs10-blend0.8-infl50-rootdissolve-dn310,fold_3,manifold,False,5,3022.154974460602,0.8115749835968018,0.8065827488899231,0.4416817378841875,0.4506208761020426,0.22778437384406533,0.1988367812605012,0.8523979187011719,0.8522040843963623,601.1473106861115,601.1473106861115
FOLD-3-learnls-manifold-nu2-K1300-stride4-learnls-bs1.0-bd0.01-bw0.1-knn15-faiss_atlas_weighted-5-randomwalk-ind1000-lr0.05-ep20-lbs10-blend0.8-infl50-ptls-rootdissolve-dn3-prune0.910,fold_3,manifold,False,5,6766.673113822937,0.7490054726600647,0.7760747671127319,0.5383371538128585,0.5827069077891875,0.32792394376114153,0.3276856871798416,0.7676403641700744,0.7538794875144958,1348.3091062545775,1348.3091062545775
FOLD-3-learnls-manifold-nu2-K1300-stride4-learnls-bs1.0-bd0.01-bw0.1-knn15-faiss_atlas_weighted-5-randomwalk-ind1000-lr0.05-ep20-lbs10-blend0.8-infl50-ptls-rootdissolve-dn3-prune0.9510,fold_3,manifold,False,5,6635.412491798401,0.7500170469284058,0.7753151059150696,0.5367730850054941,0.5807062474947173,0.326516463546554,0.3261844116451378,0.7692826151847839,0.7546833753585815,1321.1514285087585,1321.1514285087585
FOLD-3-learnls-manifold-nu2-K1300-stride4-learnls-bs1.0-bd0.01-bw0.1-knn15-faiss_atlas_weighted-5-randomwalk-ind1000-lr0.05-ep20-lbs10-blend0.8-infl50-ptls-rootdissolve-dn3-prune0.9710,fold_3,manifold,False,5,6709.454340934753,0.7506876945495605,0.7754864692687988,0.5356269222761079,0.5795941760817819,0.3255850070680675,0.3249893713692112,0.7703624844551087,0.755325436592102,1337.0241352558137,1337.0241352558137
FOLD-3-learnls-manifold-nu2-K1300-stride4-learnls-bs1.0-bd0.01-bw0.1-knn15-faiss_atlas_weighted-5-randomwalk-ind1000-lr0.05-ep20-lbs10-blend0.8-infl50-ptls-rootdissolve-dn310,fold_3,manifold,False,5,14064.770678043365,0.7503952145576477,0.7749998569488525,0.5374810569482986,0.5783814034717516,0.32603893386346783,0.3231435935445251,0.7694376587867737,0.7583486437797546,2805.682429075241,2805.682429075241
FOLD-3-learnls-manifold-nu2-K1300-stride4-learnls-bs1.0-bd0.01-bw0.1-knn15-faiss_atlas_weighted-5-randomwalk-ind1000-lr0.05-ep20-lbs10-blend0.8-infl50-rootdissolve-dn3-prune0.910,fold_3,manifold,False,5,8036.5880970954895,0.749081015586853,0.7763462066650391,0.5385204469191315,0.5826095088672965,0.3278212482500237,0.3272691062385855,0.7671185493469238,0.7539803385734558,1602.3791280269622,1602.3791280269622
FOLD-3-learnls-manifold-nu2-K1300-stride4-learnls-bs1.0-bd0.01-bw0.1-knn15-faiss_atlas_weighted-5-randomwalk-ind1000-lr0.05-ep20-lbs10-blend0.8-infl50-rootdissolve-dn3-prune0.9510,fold_3,manifold,False,5,4328.982322216034,0.7501495122909546,0.7758789658546448,0.5368461930302475,0.5808906976365455,0.32631000880695354,0.3261428278078644,0.7693859457969665,0.7552356719970703,862.5353046894073,862.5353046894073
FOLD-3-learnls-manifold-nu2-K1300-stride4-learnls-bs1.0-bd0.01-bw0.1-knn15-faiss_atlas_weighted-5-randomwalk-ind1000-lr0.05-ep20-lbs10-blend0.8-infl50-rootdissolve-dn3-prune0.9710,fold_3,manifold,False,5,4710.492480278015,0.7508538722991943,0.7758750915527344,0.535560668048575,0.5798448570278019,0.3253066390000348,0.325250210938965,0.7706018924713135,0.7556246519088745,938.5620418548584,938.5620418548584
FOLD-3-learnls-manifold-nu2-K1300-stride4-learnls-bs1.0-bd0.01-bw0.1-knn15-faiss_atlas_weighted-5-randomwalk-ind1000-lr0.05-ep20-lbs10-blend0.8-infl50-rootdissolve-dn310,fold_3,manifold,False,5,5662.835503101349,0.7504198670387268,0.7755205035209656,0.5379684934465666,0.5785923862442995,0.3260977198164499,0.3228443384298616,0.7688334226608277,0.7579805850982666,1128.071349954605,1128.071349954605
FOLD-3-learnls-manifold-nu2-K300-stride4-learnls-bs1.0-bd0.01-bw0.1-knn15-faiss_atlas_weighted-5-randomwalk-ind1000-lr0.05-ep20-lbs10-blend0.8-infl50-ptls-rootdissolve-dn3-prune0.910,fold_3,manifold,False,5,5531.818470716476,0.7750787854194641,0.7943140864372253,0.4949988954133886,0.5329123518083861,0.28629645003901866,0.2776076580794723,0.8036176800727844,0.7940995693206787,1102.9767448425291,1102.9767448425291
FOLD-3-learnls-manifold-nu2-K300-stride4-learnls-bs1.0-bd0.01-bw0.1-knn15-faiss_atlas_weighted-5-randomwalk-ind1000-lr0.05-ep20-lbs10-blend0.8-infl50-ptls-rootdissolve-dn3-prune0.9510,fold_3,manifold,False,5,8429.767018795013,0.7796087026596069,0.7954064011573792,0.4900782184294221,0.5236722841021528,0.27945278879493574,0.2682131761754711,0.8109196782112121,0.8005577325820923,1681.606248426437,1681.606248426437
FOLD-3-learnls-manifold-nu2-K300-stride4-learnls-bs1.0-bd0.01-bw0.1-knn15-faiss_atlas_weighted-5-randomwalk-ind1000-lr0.05-ep20-lbs10-blend0.8-infl50-ptls-rootdissolve-dn3-prune0.9710,fold_3,manifold,False,5,5500.787113904953,0.7822835683822632,0.7959747314453125,0.4863040884403634,0.518680308141689,0.27537661547196224,0.2633562334865137,0.8171691417694091,0.8097855448722839,1096.829306793213,1096.829306793213
FOLD-3-learnls-manifold-nu2-K300-stride4-learnls-bs1.0-bd0.01-bw0.1-knn15-faiss_atlas_weighted-5-randomwalk-ind1000-lr0.05-ep20-lbs10-blend0.8-infl50-ptls-rootdissolve-dn310,fold_3,manifold,False,5,5315.083203554153,0.7802713871002197,0.7975200414657593,0.4868853001189056,0.5218368725576481,0.2781063092063484,0.266940413727498,0.8105985045433044,0.8025409579277039,1059.5366389751434,1059.5366389751434
FOLD-3-learnls-manifold-nu2-K300-stride4-learnls-bs1.0-bd0.01-bw0.1-knn15-faiss_atlas_weighted-5-randomwalk-ind1000-lr0.05-ep20-lbs10-blend0.8-infl50-rootdissolve-dn3-prune0.910,fold_3,manifold,False,5,5370.041494369507,0.7751175761222839,0.7944179177284241,0.49470025632481907,0.5332540535344641,0.2862121617712901,0.2776625586455866,0.803258764743805,0.7938405871391296,1071.0653777122498,1071.0653777122498
FOLD-3-learnls-manifold-nu2-K300-stride4-learnls-bs1.0-bd0.01-bw0.1-knn15-faiss_atlas_weighted-5-randomwalk-ind1000-lr0.05-ep20-lbs10-blend0.8-infl50-rootdissolve-dn3-prune0.9510,fold_3,manifold,False,5,3399.47789144516,0.7797383546829224,0.7957522869110107,0.48976926706396745,0.523720657625445,0.2791954735707979,0.2682828786074721,0.8106271266937256,0.800169825553894,677.2536768913269,677.2536768913269
FOLD-3-learnls-manifold-nu2-K300-stride4-learnls-bs1.0-bd0.01-bw0.1-knn15-faiss_atlas_weighted-5-randomwalk-ind1000-lr0.05-ep20-lbs10-blend0.8-infl50-rootdissolve-dn3-prune0.9710,fold_3,manifold,False,5,3675.726413965225,0.7823845863342285,0.7962281107902527,0.48607935252228635,0.5187601021475287,0.27517162605874046,0.2634481634696286,0.8169679999351501,0.809312105178833,731.0956767559052,731.0956767559052
FOLD-3-learnls-manifold-nu2-K300-stride4-learnls-bs1.0-bd0.01-bw0.1-knn15-faiss_atlas_weighted-5-randomwalk-ind1000-lr0.05-ep20-lbs10-blend0.8-infl50-rootdissolve-dn310,fold_3,manifold,False,5,3844.75230884552,0.7802381992340088,0.7974969744682312,0.4868537597170291,0.5218198860428396,0.278174238982914,0.2668663548934968,0.8103712797164917,0.8023737668991089,766.6104914188385,766.6104914188385
FOLD-3-spectral-nu2-K100-stride4-bw0.1-knn15-faiss_atlas_weighted-5-randomwalk-lr0.05-ep20-lbs10-rootdissolve-dn310,fold_3,spectral,False,5,730.9861550331116,0.8131402850151062,0.807560920715332,0.44196771774938526,0.4516703885536135,0.2245239602450832,0.1980606981451034,0.8662635445594787,0.8718588352203369,144.4874309539795,144.4874309539795
FOLD-3-spectral-nu2-K1300-stride4-bw0.1-knn15-faiss_atlas_weighted-5-randomwalk-lr0.05-ep20-lbs10-rootdissolve-dn310,fold_3,spectral,False,5,867.2824561595917,0.7480441927909851,0.7713900208473206,0.5439246201366515,0.5941270489849296,0.3282109150983724,0.3439302151923975,0.7752184629440307,0.7637501955032349,171.89556498527526,171.89556498527526
FOLD-4-euclidean-ard-matern-nu1.5-ind1000-5-lr0.05-ep20-lbs1010,fold_4,euclidean,False,5,2045.050351858139,0.8529085397720337,0.8103862404823303,0.5340932594534044,0.5992930596025913,0.32215071325961475,0.3552468528901753,0.7802116632461548,0.7739848494529724,381.2922593593597,381.2922593593597
FOLD-4-euclidean-no-ard-matern-nu1.5-ind1000-5-lr0.05-ep20-lbs1010,fold_4,euclidean,False,5,2941.380847930908,0.8490293025970459,0.8091567158699036,0.5445493247182865,0.6009630505804214,0.3291239700287475,0.3572017825860399,0.7812259793281555,0.7755953669548035,549.7826127529145,549.7826127529145
FOLD-4-learnls-manifold-nu2-K100-stride4-learnls-bs1.0-bd0.01-bw0.1-knn15-faiss_atlas_weighted-5-randomwalk-ind1000-lr0.05-ep20-lbs10-blend0.8-infl50-ptls-rootdissolve-dn3-prune0.910,fold_4,manifold,False,5,3936.0792186260223,0.9040668249130249,0.8736603856086731,0.471168183357794,0.508212871339311,0.24669258787412604,0.2506329076953817,0.8493055939674378,0.8525770902633667,780.8531027317047,780.8531027317047
FOLD-4-learnls-manifold-nu2-K100-stride4-learnls-bs1.0-bd0.01-bw0.1-knn15-faiss_atlas_weighted-5-randomwalk-ind1000-lr0.05-ep20-lbs10-blend0.8-infl50-ptls-rootdissolve-dn3-prune0.9510,fold_4,manifold,False,5,4582.699380636215,0.9053759098052978,0.8727744221687317,0.46928763304546556,0.5107350900312555,0.24462958037823374,0.2521519623551271,0.8483096122741699,0.8485831022262573,910.4566824913024,910.4566824913024
FOLD-4-learnls-manifold-nu2-K100-stride4-learnls-bs1.0-bd0.01-bw0.1-knn15-faiss_atlas_weighted-5-randomwalk-ind1000-lr0.05-ep20-lbs10-blend0.8-infl50-ptls-rootdissolve-dn3-prune0.9710,fold_4,manifold,False,5,953.6602771282196,0.9071503043174743,0.8723551034927368,0.46235847913763395,0.5072809110787027,0.24176289515178917,0.2528703148909833,0.861792516708374,0.8539831638336182,184.6689065933228,184.6689065933228
FOLD-4-learnls-manifold-nu2-K100-stride4-learnls-bs1.0-bd0.01-bw0.1-knn15-faiss_atlas_weighted-5-randomwalk-ind1000-lr0.05-ep20-lbs10-blend0.8-infl50-ptls-rootdissolve-dn310,fold_4,manifold,False,5,3879.02321600914,0.9105715036392212,0.8834532499313354,0.46133282342906534,0.4908725480639163,0.23642325700451403,0.2337393055853528,0.8577897906303406,0.8657665848731995,769.660326385498,769.660326385498
FOLD-4-learnls-manifold-nu2-K100-stride4-learnls-bs1.0-bd0.01-bw0.1-knn15-faiss_atlas_weighted-5-randomwalk-ind1000-lr0.05-ep20-lbs10-blend0.8-infl50-rootdissolve-dn3-prune0.910,fold_4,manifold,False,5,2198.195586681366,0.9040710926055908,0.8738865852355957,0.47102893525230094,0.5082303030709465,0.2466776679918962,0.2502447789123085,0.8492153406143188,0.8523856401443481,435.0860486507416,435.0860486507416
FOLD-4-learnls-manifold-nu2-K100-stride4-learnls-bs1.0-bd0.01-bw0.1-knn15-faiss_atlas_weighted-5-randomwalk-ind1000-lr0.05-ep20-lbs10-blend0.8-infl50-rootdissolve-dn3-prune0.9510,fold_4,manifold,False,5,2205.927004337311,0.9053883671760559,0.8728023767471313,0.46920033407356254,0.510885243439168,0.24460881560513775,0.2521039621326498,0.8483106017112731,0.8485412001609802,436.2343836307526,436.2343836307526
FOLD-4-learnls-manifold-nu2-K100-stride4-learnls-bs1.0-bd0.01-bw0.1-knn15-faiss_atlas_weighted-5-randomwalk-ind1000-lr0.05-ep20-lbs10-blend0.8-infl50-rootdissolve-dn3-prune0.9710,fold_4,manifold,False,5,2197.6766562461853,0.9059671998023987,0.8743171691894531,0.46810982078218044,0.5081378999726923,0.24379149490751068,0.2495057278678181,0.8533090353012085,0.8537805080413818,434.71520948410034,434.71520948410034
FOLD-4-learnls-manifold-nu2-K100-stride4-learnls-bs1.0-bd0.01-bw0.1-knn15-faiss_atlas_weighted-5-randomwalk-ind1000-lr0.05-ep20-lbs10-blend0.8-infl50-rootdissolve-dn310,fold_4,manifold,False,5,2244.9996712207794,0.9103778958320617,0.8834902048110962,0.46139942799929445,0.4909631550741793,0.2367288037831293,0.2336752417963588,0.8576938152313233,0.8656065464019775,444.7335654258728,444.7335654258728
FOLD-4-learnls-manifold-nu2-K1300-stride4-learnls-bs1.0-bd0.01-bw0.1-knn15-faiss_atlas_weighted-5-randomwalk-ind1000-lr0.05-ep20-lbs10-blend0.8-infl50-ptls-rootdissolve-dn3-prune0.910,fold_4,manifold,False,5,5067.690561056137,0.852490508556366,0.8145526647567749,0.5399575330076493,0.5986948385054274,0.32216885407219753,0.3486000919242356,0.7732637524604797,0.7615281939506531,1002.7714972019196,1002.7714972019196
FOLD-4-learnls-manifold-nu2-K1300-stride4-learnls-bs1.0-bd0.01-bw0.1-knn15-faiss_atlas_weighted-5-randomwalk-ind1000-lr0.05-ep20-lbs10-blend0.8-infl50-ptls-rootdissolve-dn3-prune0.9510,fold_4,manifold,False,5,5056.290404558182,0.8529715538024902,0.8160795569419861,0.5394800738748154,0.5978159371162072,0.3216043965436723,0.3461556996422904,0.775114917755127,0.7637348771095276,1000.5547314167022,1000.5547314167022
FOLD-4-learnls-manifold-nu2-K1300-stride4-learnls-bs1.0-bd0.01-bw0.1-knn15-faiss_atlas_weighted-5-randomwalk-ind1000-lr0.05-ep20-lbs10-blend0.8-infl50-ptls-rootdissolve-dn3-prune0.9710,fold_4,manifold,False,5,9640.447797060013,0.8520669221878052,0.8146045804023743,0.5402231925325202,0.5992033501983637,0.32311414941461347,0.3485169804279092,0.7753881454467774,0.763602614402771,1912.6668943405152,1912.6668943405152
FOLD-4-learnls-manifold-nu2-K1300-stride4-learnls-bs1.0-bd0.01-bw0.1-knn15-faiss_atlas_weighted-5-randomwalk-ind1000-lr0.05-ep20-lbs10-blend0.8-infl50-ptls-rootdissolve-dn310,fold_4,manifold,False,5,9787.829108953476,0.8561052560806275,0.8188925385475159,0.5343918796749173,0.5932074932688125,0.3164452693345777,0.3416403771268272,0.7759981632232666,0.7676408886909485,1940.246338891983,1940.246338891983
FOLD-4-learnls-manifold-nu2-K1300-stride4-learnls-bs1.0-bd0.01-bw0.1-knn15-faiss_atlas_weighted-5-randomwalk-ind1000-lr0.05-ep20-lbs10-blend0.8-infl50-rootdissolve-dn3-prune0.910,fold_4,manifold,False,5,2420.7797346115112,0.8525431036949158,0.8148285150527954,0.540146889240351,0.5985187866761331,0.32213877282456266,0.3481588200377056,0.7731134057044983,0.7617335915565491,478.8035377502441,478.8035377502441
FOLD-4-learnls-manifold-nu2-K1300-stride4-learnls-bs1.0-bd0.01-bw0.1-knn15-faiss_atlas_weighted-5-randomwalk-ind1000-lr0.05-ep20-lbs10-blend0.8-infl50-rootdissolve-dn3-prune0.9510,fold_4,manifold,False,5,4046.8561384677887,0.8529873013496398,0.8162152767181396,0.5397333375316228,0.5976275883117838,0.32159619903482306,0.3459381748245563,0.7746019244194031,0.76395583152771,802.0517634868622,802.0517634868622
FOLD-4-learnls-manifold-nu2-K1300-stride4-learnls-bs1.0-bd0.01-bw0.1-knn15-faiss_atlas_weighted-5-randomwalk-ind1000-lr0.05-ep20-lbs10-blend0.8-infl50-rootdissolve-dn3-prune0.9710,fold_4,manifold,False,5,4184.453171491623,0.8520512342453003,0.8143386244773865,0.5404458217938368,0.5993124688697209,0.3231364262799929,0.3489423792249958,0.7749562978744506,0.7640225887298584,827.4734499931335,827.4734499931335
FOLD-4-learnls-manifold-nu2-K1300-stride4-learnls-bs1.0-bd0.01-bw0.1-knn15-faiss_atlas_weighted-5-randomwalk-ind1000-lr0.05-ep20-lbs10-blend0.8-infl50-rootdissolve-dn310,fold_4,manifold,False,5,3888.687534570694,0.8557548999786377,0.8191375136375427,0.5347181295577927,0.5930978374842861,0.3170684093095832,0.341246407046839,0.7764636278152466,0.7675161361694336,772.0550760269165,772.0550760269165
FOLD-4-learnls-manifold-nu2-K300-stride4-learnls-bs1.0-bd0.01-bw0.1-knn15-faiss_atlas_weighted-5-randomwalk-ind1000-lr0.05-ep20-lbs10-blend0.8-infl50-ptls-rootdissolve-dn3-prune0.910,fold_4,manifold,False,5,7500.800324678421,0.8743859529495239,0.8428136706352234,0.5116760552864358,0.5588668817287716,0.29106588472680234,0.3026151803751217,0.8076318860054016,0.8027617335319519,1488.3708297252656,1488.3708297252656
FOLD-4-learnls-manifold-nu2-K300-stride4-learnls-bs1.0-bd0.01-bw0.1-knn15-faiss_atlas_weighted-5-randomwalk-ind1000-lr0.05-ep20-lbs10-blend0.8-infl50-ptls-rootdissolve-dn3-prune0.9510,fold_4,manifold,False,5,5966.614372968674,0.8807271361351013,0.8479601144790649,0.5044148109775637,0.5500756481415238,0.2820057925742872,0.2940722836366162,0.8141133546829223,0.8107227087020874,1186.6284724235534,1186.6284724235534
FOLD-4-learnls-manifold-nu2-K300-stride4-learnls-bs1.0-bd0.01-bw0.1-knn15-faiss_atlas_weighted-5-randomwalk-ind1000-lr0.05-ep20-lbs10-blend0.8-infl50-ptls-rootdissolve-dn3-prune0.9710,fold_4,manifold,False,5,4200.513116121292,0.8839542388916015,0.8514809012413025,0.49985180003642915,0.5440947412516568,0.27728970219817906,0.288198034187714,0.820078992843628,0.8167663812637329,832.5915608882904,832.5915608882904
FOLD-4-learnls-manifold-nu2-K300-stride4-learnls-bs1.0-bd0.01-bw0.1-knn15-faiss_atlas_weighted-5-randomwalk-ind1000-lr0.05-ep20-lbs10-blend0.8-infl50-ptls-rootdissolve-dn310,fold_4,manifold,False,5,7504.983221054077,0.8800179362297058,0.8489203453063965,0.5024675784025214,0.5457632187803652,0.2824234485019136,0.2924725936824977,0.815894877910614,0.8173598647117615,1490.098394060135,1490.098394060135
FOLD-4-learnls-manifold-nu2-K300-stride4-learnls-bs1.0-bd0.01-bw0.1-knn15-faiss_atlas_weighted-5-randomwalk-ind1000-lr0.05-ep20-lbs10-blend0.8-infl50-rootdissolve-dn3-prune0.910,fold_4,manifold,False,5,2291.2090768814087,0.8744074940681458,0.8428772687911987,0.5112853444320165,0.5590442941502731,0.2910033486493678,0.3025099100459323,0.8075537919998169,0.8025732636451721,452.7825549125672,452.7825549125672
FOLD-4-learnls-manifold-nu2-K300-stride4-learnls-bs1.0-bd0.01-bw0.1-knn15-faiss_atlas_weighted-5-randomwalk-ind1000-lr0.05-ep20-lbs10-blend0.8-infl50-rootdissolve-dn3-prune0.9510,fold_4,manifold,False,5,2241.664529323578,0.8807245135307312,0.8480708599090576,0.5042519520707252,0.5500731156154542,0.2819890688961183,0.2938879018296402,0.8139785170555115,0.8105666637420654,442.5207347393036,442.5207347393036
FOLD-4-learnls-manifold-nu2-K300-stride4-learnls-bs1.0-bd0.01-bw0.1-knn15-faiss_atlas_weighted-5-randomwalk-ind1000-lr0.05-ep20-lbs10-blend0.8-infl50-rootdissolve-dn3-prune0.9710,fold_4,manifold,False,5,2229.873938560486,0.8839386463165283,0.8517554998397827,0.4996838143502263,0.5439829797698603,0.27729276624542853,0.287738793963934,0.8199817419052124,0.8167073726654053,441.5941117286682,441.5941117286682
FOLD-4-learnls-manifold-nu2-K300-stride4-learnls-bs1.0-bd0.01-bw0.1-knn15-faiss_atlas_weighted-5-randomwalk-ind1000-lr0.05-ep20-lbs10-blend0.8-infl50-rootdissolve-dn310,fold_4,manifold,False,5,2699.14538025856,0.880018949508667,0.849134087562561,0.5023504444143336,0.5457976972847588,0.2824152563248392,0.2921162745706694,0.8158370852470398,0.8174859881401062,534.4044212818146,534.4044212818146
FOLD-4-spectral-nu2-K100-stride4-bw0.1-knn15-faiss_atlas_weighted-5-randomwalk-lr0.05-ep20-lbs10-rootdissolve-dn310,fold_4,spectral,False,5,864.2413799762726,0.9146398901939392,0.8836812376976013,0.4561954202820829,0.4883702831632204,0.22981124734432717,0.2333438751811357,0.8683565497398377,0.8721938729286194,170.21344275474547,170.21344275474547
FOLD-4-spectral-nu2-K1300-stride4-bw0.1-knn15-faiss_atlas_weighted-5-randomwalk-lr0.05-ep20-lbs10-rootdissolve-dn310,fold_4,spectral,False,5,2134.7840089797974,0.8677858471870422,0.8342850804328918,0.5261685209589763,0.5826714180303696,0.2978776671601387,0.3166576581593044,0.7723601698875427,0.7682763934135437,422.1191092967987,422.1191092967987
FOLD-5-euclidean-ard-matern-nu1.5-ind1000-5-lr0.05-ep20-lbs1010,fold_5,euclidean,False,5,2130.5190641880035,0.8612929821014405,0.8235986828804016,0.5350507439189336,0.6060918787231493,0.31925822766102835,0.3672663109782871,0.7783968567848205,0.7755534052848816,398.5782158851624,398.5782158851624
FOLD-5-euclidean-no-ard-matern-nu1.5-ind1000-5-lr0.05-ep20-lbs1010,fold_5,euclidean,False,5,3284.2488017082214,0.8605196118354798,0.8252300024032593,0.5357950121347324,0.6040832725601517,0.3204509271322714,0.3647572622713166,0.777986490726471,0.7776336073875427,615.7273140907288,615.7273140907288
FOLD-5-learnls-manifold-nu2-K100-stride4-learnls-bs1.0-bd0.01-bw0.1-knn15-faiss_atlas_weighted-5-randomwalk-ind1000-lr0.05-ep20-lbs10-blend0.8-infl50-ptls-rootdissolve-dn3-prune0.910,fold_5,manifold,False,5,4215.022214651108,0.9175959467887879,0.8920713067054749,0.4571482694171836,0.5084238093476062,0.2313634680585787,0.2576839363327708,0.8487884640693665,0.861545205116272,837.3065000534058,837.3065000534058
FOLD-5-learnls-manifold-nu2-K100-stride4-learnls-bs1.0-bd0.01-bw0.1-knn15-faiss_atlas_weighted-5-randomwalk-ind1000-lr0.05-ep20-lbs10-blend0.8-infl50-ptls-rootdissolve-dn3-prune0.9510,fold_5,manifold,False,5,7164.277096033096,0.9138276934623718,0.8869071006774902,0.4603314836753105,0.5177218896955081,0.23742765344405758,0.2662536934531812,0.8439069747924804,0.8590924739837646,1426.439330625534,1426.439330625534
FOLD-5-learnls-manifold-nu2-K100-stride4-learnls-bs1.0-bd0.01-bw0.1-knn15-faiss_atlas_weighted-5-randomwalk-ind1000-lr0.05-ep20-lbs10-blend0.8-infl50-ptls-rootdissolve-dn3-prune0.9710,fold_5,manifold,False,5,4179.089011192322,0.9183297753334045,0.8906543254852295,0.45242724630956505,0.5106813731555164,0.22989752780992867,0.2600403155529676,0.8508329510688781,0.8595032691955566,830.1516820907593,830.1516820907593
FOLD-5-learnls-manifold-nu2-K100-stride4-learnls-bs1.0-bd0.01-bw0.1-knn15-faiss_atlas_weighted-5-randomwalk-ind1000-lr0.05-ep20-lbs10-blend0.8-infl50-ptls-rootdissolve-dn310,fold_5,manifold,False,5,2013.1943640708923,0.9276609301567078,0.9067285060882568,0.4444127213138603,0.4837857199530543,0.21481807438873765,0.2330903006237832,0.8603322148323059,0.8640813231468201,397.0723135948181,397.0723135948181
FOLD-5-learnls-manifold-nu2-K100-stride4-learnls-bs1.0-bd0.01-bw0.1-knn15-faiss_atlas_weighted-5-randomwalk-ind1000-lr0.05-ep20-lbs10-blend0.8-infl50-rootdissolve-dn3-prune0.910,fold_5,manifold,False,5,2396.886282682419,0.9172312021255493,0.8920546174049377,0.4572457864186762,0.508422132133326,0.2319494092891447,0.2577117681153155,0.8492600440979003,0.862212061882019,474.2716868400574,474.2716868400574
FOLD-5-learnls-manifold-nu2-K100-stride4-learnls-bs1.0-bd0.01-bw0.1-knn15-faiss_atlas_weighted-5-randomwalk-ind1000-lr0.05-ep20-lbs10-blend0.8-infl50-rootdissolve-dn3-prune0.9510,fold_5,manifold,False,5,1832.397087097168,0.9133661389350891,0.8869121074676514,0.460832445079037,0.517681258262587,0.23819036866393023,0.2662453844501399,0.8435575127601623,0.8583754301071167,362.2236257553101,362.2236257553101
FOLD-5-learnls-manifold-nu2-K100-stride4-learnls-bs1.0-bd0.01-bw0.1-knn15-faiss_atlas_weighted-5-randomwalk-ind1000-lr0.05-ep20-lbs10-blend0.8-infl50-rootdissolve-dn3-prune0.9710,fold_5,manifold,False,5,1841.2752916812897,0.9184235811233521,0.8918872475624084,0.4518561378524392,0.5093824579423442,0.22980415714788544,0.2579902885993723,0.8463917255401612,0.8610695600509644,363.9737890720368,363.9737890720368
FOLD-5-learnls-manifold-nu2-K100-stride4-learnls-bs1.0-bd0.01-bw0.1-knn15-faiss_atlas_weighted-5-randomwalk-ind1000-lr0.05-ep20-lbs10-blend0.8-infl50-rootdissolve-dn310,fold_5,manifold,False,5,2348.2673287391663,0.9264998078346253,0.904571533203125,0.44423192331278205,0.4871987655160068,0.21679693200590675,0.236734710421111,0.8549943089485168,0.8706899881362915,465.06475920677184,465.06475920677184
FOLD-5-learnls-manifold-nu2-K1300-stride4-learnls-bs1.0-bd0.01-bw0.1-knn15-faiss_atlas_weighted-5-randomwalk-ind1000-lr0.05-ep20-lbs10-blend0.8-infl50-ptls-rootdissolve-dn3-prune0.910,fold_5,manifold,False,5,5363.976906776428,0.875071120262146,0.8293377161026001,0.5200838594722484,0.6016013924326815,0.2977169023730973,0.3584175605037282,0.7719155550003052,0.7676702737808228,1062.552220773697,1062.552220773697
FOLD-5-learnls-manifold-nu2-K1300-stride4-learnls-bs1.0-bd0.01-bw0.1-knn15-faiss_atlas_weighted-5-randomwalk-ind1000-lr0.05-ep20-lbs10-blend0.8-infl50-ptls-rootdissolve-dn3-prune0.9510,fold_5,manifold,False,5,10665.140031337738,0.8850724101066589,0.8352903723716736,0.509313719895118,0.594400508386232,0.2822147566721344,0.349174436372627,0.7740461826324463,0.7714135050773621,2117.030553483963,2117.030553483963
FOLD-5-learnls-manifold-nu2-K1300-stride4-learnls-bs1.0-bd0.01-bw0.1-knn15-faiss_atlas_weighted-5-randomwalk-ind1000-lr0.05-ep20-lbs10-blend0.8-infl50-ptls-rootdissolve-dn3-prune0.9710,fold_5,manifold,False,5,10107.062933921814,0.8786802411079406,0.8292956352233887,0.5154038744293482,0.600691796149863,0.2922149194551958,0.3584826139177828,0.7744185566902161,0.7725347280502319,2006.8132537364959,2006.813253736496
FOLD-5-learnls-manifold-nu2-K1300-stride4-learnls-bs1.0-bd0.01-bw0.1-knn15-faiss_atlas_weighted-5-randomwalk-ind1000-lr0.05-ep20-lbs10-blend0.8-infl50-ptls-rootdissolve-dn310,fold_5,manifold,False,5,5373.847692728043,0.885095727443695,0.8483516573905945,0.5081665973181193,0.5809739588416432,0.28203616109292245,0.3286616020028075,0.7757600665092468,0.7711923122406006,1064.5289469718932,1064.5289469718932
FOLD-5-learnls-manifold-nu2-K1300-stride4-learnls-bs1.0-bd0.01-bw0.1-knn15-faiss_atlas_weighted-5-randomwalk-ind1000-lr0.05-ep20-lbs10-blend0.8-infl50-rootdissolve-dn3-prune0.910,fold_5,manifold,False,5,2615.486811876297,0.875545084476471,0.829687237739563,0.519403206128855,0.6012107266564749,0.2969101513019766,0.3578765295658647,0.771884560585022,0.7674131393432617,517.8327979564667,517.8327979564667
FOLD-5-learnls-manifold-nu2-K1300-stride4-learnls-bs1.0-bd0.01-bw0.1-knn15-faiss_atlas_weighted-5-randomwalk-ind1000-lr0.05-ep20-lbs10-blend0.8-infl50-rootdissolve-dn3-prune0.9510,fold_5,manifold,False,5,2838.904682159424,0.8856274962425232,0.8359974026679993,0.508544279158483,0.5936565500491094,0.28133043184184253,0.3480721086358238,0.7739767670631409,0.7711318135261536,559.7733387470246,559.7733387470246
FOLD-5-learnls-manifold-nu2-K1300-stride4-learnls-bs1.0-bd0.01-bw0.1-knn15-faiss_atlas_weighted-5-randomwalk-ind1000-lr0.05-ep20-lbs10-blend0.8-infl50-rootdissolve-dn3-prune0.9710,fold_5,manifold,False,5,7980.452263116837,0.879354453086853,0.8295519948005676,0.514612985206558,0.6004016117878964,0.2911981714380792,0.3580858759107815,0.7745813131332397,0.7724263668060303,1586.7093570709228,1586.7093570709228
FOLD-5-learnls-manifold-nu2-K1300-stride4-learnls-bs1.0-bd0.01-bw0.1-knn15-faiss_atlas_weighted-5-randomwalk-ind1000-lr0.05-ep20-lbs10-blend0.8-infl50-rootdissolve-dn310,fold_5,manifold,False,5,2592.4235355854034,0.8853837966918945,0.8476167321205139,0.5076999894873636,0.5816611632578725,0.2815111144995205,0.3298242544527474,0.7755482792854309,0.7710001468658447,513.6447801113129,513.6447801113129
FOLD-5-learnls-manifold-nu2-K300-stride4-learnls-bs1.0-bd0.01-bw0.1-knn15-faiss_atlas_weighted-5-randomwalk-ind1000-lr0.05-ep20-lbs10-blend0.8-infl50-ptls-rootdissolve-dn3-prune0.910,fold_5,manifold,False,5,3159.123007297516,0.9012551188468934,0.8599427342414856,0.4823809506226082,0.5582449254027277,0.25627753982495677,0.3101911611122445,0.795225715637207,0.811759889125824,625.4174993038177,625.4174993038177
FOLD-5-learnls-manifold-nu2-K300-stride4-learnls-bs1.0-bd0.01-bw0.1-knn15-faiss_atlas_weighted-5-randomwalk-ind1000-lr0.05-ep20-lbs10-blend0.8-infl50-ptls-rootdissolve-dn3-prune0.9510,fold_5,manifold,False,5,8572.548155784607,0.9056697010993957,0.8667628169059753,0.47436719063825106,0.5476854974645579,0.24948087916272899,0.2992062537745166,0.8106658339500428,0.814379870891571,1704.3866032123565,1704.3866032123565
FOLD-5-learnls-manifold-nu2-K300-stride4-learnls-bs1.0-bd0.01-bw0.1-knn15-faiss_atlas_weighted-5-randomwalk-ind1000-lr0.05-ep20-lbs10-blend0.8-infl50-ptls-rootdissolve-dn3-prune0.9710,fold_5,manifold,False,5,4434.4963274002075,0.9016161799430847,0.8664286136627197,0.47961503539628964,0.547960525146646,0.2562381761893177,0.2997465416308074,0.8137590885162354,0.8165356516838074,880.3220186710357,880.3220186710357
FOLD-5-learnls-manifold-nu2-K300-stride4-learnls-bs1.0-bd0.01-bw0.1-knn15-faiss_atlas_weighted-5-randomwalk-ind1000-lr0.05-ep20-lbs10-blend0.8-infl50-ptls-rootdissolve-dn310,fold_5,manifold,False,5,5637.769692182541,0.9145313262939453,0.8795442581176758,0.46538058758063405,0.5327761024919561,0.23557549432947003,0.2783857836335608,0.8139435052871704,0.8219810128211975,1121.0405628681185,1121.0405628681185
FOLD-5-learnls-manifold-nu2-K300-stride4-learnls-bs1.0-bd0.01-bw0.1-knn15-faiss_atlas_weighted-5-randomwalk-ind1000-lr0.05-ep20-lbs10-blend0.8-infl50-rootdissolve-dn3-prune0.910,fold_5,manifold,False,5,2402.137728214264,0.8973130941390991,0.8533790111541748,0.4848888891261976,0.566733374713656,0.26274684944696347,0.3206813112282327,0.8059034705162048,0.8105695843696594,475.62923412323,475.62923412323
FOLD-5-learnls-manifold-nu2-K300-stride4-learnls-bs1.0-bd0.01-bw0.1-knn15-faiss_atlas_weighted-5-randomwalk-ind1000-lr0.05-ep20-lbs10-blend0.8-infl50-rootdissolve-dn3-prune0.9510,fold_5,manifold,False,5,1785.275538444519,0.9070207595825195,0.8718951940536499,0.4737877679081521,0.5413448099244855,0.24727138621103198,0.2908823891018305,0.8191900849342346,0.8168408870697021,352.9491777420044,352.9491777420044
FOLD-5-learnls-manifold-nu2-K300-stride4-learnls-bs1.0-bd0.01-bw0.1-knn15-faiss_atlas_weighted-5-randomwalk-ind1000-lr0.05-ep20-lbs10-blend0.8-infl50-rootdissolve-dn3-prune0.9710,fold_5,manifold,False,5,2474.373589992523,0.9013734459877014,0.8668243288993835,0.47947499717655806,0.5474444514577683,0.2566398903185476,0.2991068159495028,0.8141139864921569,0.8169298768043518,490.0530682563782,490.0530682563782
FOLD-5-learnls-manifold-nu2-K300-stride4-learnls-bs1.0-bd0.01-bw0.1-knn15-faiss_atlas_weighted-5-randomwalk-ind1000-lr0.05-ep20-lbs10-blend0.8-infl50-rootdissolve-dn310,fold_5,manifold,False,5,1183.9088385105133,0.9203449368476868,0.8929319381713867,0.46030635073336185,0.5177508169964538,0.22592246695565726,0.256251004848945,0.8191127061843873,0.8169836401939392,232.3056728363037,232.3056728363037
FOLD-5-spectral-nu2-K100-stride4-bw0.1-knn15-faiss_atlas_weighted-5-randomwalk-lr0.05-ep20-lbs10-rootdissolve-dn310,fold_5,spectral,False,5,521.0526025295258,0.9264111161231995,0.9046545028686525,0.4465773816779396,0.4872847966306942,0.2170591798630687,0.2365947408739449,0.8538060665130616,0.8542503118515015,100.642751789093,100.642751789093
FOLD-5-spectral-nu2-K1300-stride4-bw0.1-knn15-faiss_atlas_weighted-5-randomwalk-lr0.05-ep20-lbs10-rootdissolve-dn310,fold_5,spectral,False,5,933.029228925705,0.9274915337562561,0.8708437085151672,0.473798035487152,0.5573551516325089,0.2130808920989015,0.2705480757912607,0.7670568346977233,0.7469627261161804,183.06866359710693,183.06866359710693
FOLD-6-euclidean-ard-matern-nu1.5-ind1000-5-lr0.05-ep20-lbs1010,fold_6,euclidean,False,5,2772.2779219150543,0.7431009411811829,0.7495293617248535,0.5583818266783307,0.631483590979668,0.34300606385802446,0.3955555304208231,0.7943283677101135,0.7947297096252441,528.7199368000031,528.7199368000031
FOLD-6-euclidean-no-ard-matern-nu1.5-ind1000-5-lr0.05-ep20-lbs1010,fold_6,euclidean,False,5,2865.180400133133,0.7427824139595032,0.7483401894569397,0.5600029688271861,0.630359622230846,0.3439035715750616,0.3945067965342385,0.7943157196044922,0.7960436940193176,547.4299501895905,547.4299501895905
FOLD-6-learnls-manifold-nu2-K100-stride4-learnls-bs1.0-bd0.01-bw0.1-knn15-faiss_atlas_weighted-5-randomwalk-ind1000-lr0.05-ep20-lbs10-blend0.8-infl50-ptls-rootdissolve-dn3-prune0.910,fold_6,manifold,False,5,10788.690717458725,0.8000341653823853,0.8176568150520325,0.4748642139210399,0.5322690552206988,0.2562596455799058,0.2819985405440675,0.8648526668548584,0.8760710954666138,2154.0986153125764,2154.0986153125764
FOLD-6-learnls-manifold-nu2-K100-stride4-learnls-bs1.0-bd0.01-bw0.1-knn15-faiss_atlas_weighted-5-randomwalk-ind1000-lr0.05-ep20-lbs10-blend0.8-infl50-ptls-rootdissolve-dn3-prune0.9510,fold_6,manifold,False,5,11320.730794429779,0.8000400424003601,0.814644455909729,0.4750348669070273,0.5368621022881858,0.2561514956343048,0.2872792965311607,0.8681183695793152,0.8775097131729126,2260.8664878368377,2260.8664878368377
FOLD-6-learnls-manifold-nu2-K100-stride4-learnls-bs1.0-bd0.01-bw0.1-knn15-faiss_atlas_weighted-5-randomwalk-ind1000-lr0.05-ep20-lbs10-blend0.8-infl50-ptls-rootdissolve-dn3-prune0.9710,fold_6,manifold,False,5,10893.206051111221,0.8022863864898682,0.8147794008255005,0.4712018806520752,0.5370698724648041,0.2525086876343903,0.2870431582847976,0.8713693618774414,0.8801863789558411,2175.3325106143952,2175.3325106143952
FOLD-6-learnls-manifold-nu2-K100-stride4-learnls-bs1.0-bd0.01-bw0.1-knn15-faiss_atlas_weighted-5-randomwalk-ind1000-lr0.05-ep20-lbs10-blend0.8-infl50-ptls-rootdissolve-dn310,fold_6,manifold,False,5,9835.061839818954,0.8077650308609009,0.8293758034706116,0.4634976023013369,0.511985563271124,0.24387218373312716,0.2612696958841003,0.8729055404663086,0.8821758031845093,1964.631768989563,1964.631768989563
FOLD-6-learnls-manifold-nu2-K100-stride4-learnls-bs1.0-bd0.01-bw0.1-knn15-faiss_atlas_weighted-5-randomwalk-ind1000-lr0.05-ep20-lbs10-blend0.8-infl50-rootdissolve-dn3-prune0.910,fold_6,manifold,False,5,6014.621573209763,0.8001504778862,0.8173620700836182,0.47504006249536984,0.5325623883942238,0.25598966800988243,0.2825161364982167,0.8643087267875671,0.8759801983833313,1200.507752084732,1200.507752084732
FOLD-6-learnls-manifold-nu2-K100-stride4-learnls-bs1.0-bd0.01-bw0.1-knn15-faiss_atlas_weighted-5-randomwalk-ind1000-lr0.05-ep20-lbs10-blend0.8-infl50-rootdissolve-dn3-prune0.9510,fold_6,manifold,False,5,2984.08837389946,0.8000322818756104,0.8145223259925842,0.47687094538654595,0.5365174222198863,0.2552924691575561,0.2874929674044583,0.8576403975486755,0.8635685443878174,594.1809068202972,594.1809068202972
FOLD-6-learnls-manifold-nu2-K100-stride4-learnls-bs1.0-bd0.01-bw0.1-knn15-faiss_atlas_weighted-5-randomwalk-ind1000-lr0.05-ep20-lbs10-blend0.8-infl50-rootdissolve-dn3-prune0.9710,fold_6,manifold,False,5,4248.185998678207,0.8023282766342164,0.8148033618927002,0.4713285114905051,0.5370588594170685,0.25238334937316653,0.2870011473748874,0.8712658047676086,0.8799174427986145,847.1888272762299,847.1888272762299
FOLD-6-learnls-manifold-nu2-K100-stride4-learnls-bs1.0-bd0.01-bw0.1-knn15-faiss_atlas_weighted-5-randomwalk-ind1000-lr0.05-ep20-lbs10-blend0.8-infl50-rootdissolve-dn310,fold_6,manifold,False,5,3135.7012088298798,0.807654619216919,0.8290775418281555,0.46406389595590714,0.5122851676812942,0.24396996475817603,0.2618009107595942,0.8727943778038025,0.8819197416305542,625.1055681705475,625.1055681705475
FOLD-6-learnls-manifold-nu2-K1300-stride4-learnls-bs1.0-bd0.01-bw0.1-knn15-faiss_atlas_weighted-5-randomwalk-ind1000-lr0.05-ep20-lbs10-blend0.8-infl50-ptls-rootdissolve-dn3-prune0.910,fold_6,manifold,False,5,13341.013512849808,0.7398958683013916,0.7439733743667603,0.5623279740914416,0.6400014878576126,0.3471179882854913,0.4055737474593401,0.7926301479339599,0.7933501601219177,2662.6408121109007,2662.6408121109007
FOLD-6-learnls-manifold-nu2-K1300-stride4-learnls-bs1.0-bd0.01-bw0.1-knn15-faiss_atlas_weighted-5-randomwalk-ind1000-lr0.05-ep20-lbs10-blend0.8-infl50-ptls-rootdissolve-dn3-prune0.9510,fold_6,manifold,False,5,14335.151186466217,0.7392380475997925,0.7434230446815491,0.563283973993707,0.6409077693496404,0.3488959636025957,0.4064528603735863,0.7933992147445679,0.7944586873054504,2863.2202331066133,2863.2202331066133
FOLD-6-learnls-manifold-nu2-K1300-stride4-learnls-bs1.0-bd0.01-bw0.1-knn15-faiss_atlas_weighted-5-randomwalk-ind1000-lr0.05-ep20-lbs10-blend0.8-infl50-ptls-rootdissolve-dn3-prune0.9710,fold_6,manifold,False,5,9456.859268665314,0.7404791116714478,0.7448233962059021,0.5618918843242179,0.6386034380652399,0.3469251112016464,0.4042146637465237,0.7943491101264953,0.7959687113761902,1887.5477380752563,1887.5477380752563
FOLD-6-learnls-manifold-nu2-K1300-stride4-learnls-bs1.0-bd0.01-bw0.1-knn15-faiss_atlas_weighted-5-randomwalk-ind1000-lr0.05-ep20-lbs10-blend0.8-infl50-ptls-rootdissolve-dn310,fold_6,manifold,False,5,8607.281663894653,0.7437638401985168,0.749738335609436,0.5579467376236854,0.6326178953818583,0.34102020897862734,0.3963258073789009,0.7946637153625489,0.7976058721542358,1718.0186060905457,1718.0186060905455
FOLD-6-learnls-manifold-nu2-K1300-stride4-learnls-bs1.0-bd0.01-bw0.1-knn15-faiss_atlas_weighted-5-randomwalk-ind1000-lr0.05-ep20-lbs10-blend0.8-infl50-rootdissolve-dn3-prune0.910,fold_6,manifold,False,5,5422.093241453171,0.7401647567749023,0.7441766858100891,0.5625956505055731,0.6400277704820798,0.3467293313759577,0.4052488553950626,0.7919065594673157,0.7934344410896301,1080.840106964111,1080.840106964111
FOLD-6-learnls-manifold-nu2-K1300-stride4-learnls-bs1.0-bd0.01-bw0.1-knn15-faiss_atlas_weighted-5-randomwalk-ind1000-lr0.05-ep20-lbs10-blend0.8-infl50-rootdissolve-dn3-prune0.9510,fold_6,manifold,False,5,3369.4388468265533,0.7393617153167724,0.7434046864509583,0.5636675810747749,0.6411175245148641,0.3487766753409931,0.4064820987357948,0.7930131554603577,0.7945557236671448,671.8256284713746,671.8256284713746
FOLD-6-learnls-manifold-nu2-K1300-stride4-learnls-bs1.0-bd0.01-bw0.1-knn15-faiss_atlas_weighted-5-randomwalk-ind1000-lr0.05-ep20-lbs10-blend0.8-infl50-rootdissolve-dn3-prune0.9710,fold_6,manifold,False,5,3525.6954004764557,0.7404202818870544,0.7447071671485901,0.5624786071315564,0.6388723187791445,0.34712311991575073,0.4044006351187816,0.7941499948501587,0.7959849238395691,702.6113572597503,702.6113572597503
FOLD-6-learnls-manifold-nu2-K1300-stride4-learnls-bs1.0-bd0.01-bw0.1-knn15-faiss_atlas_weighted-5-randomwalk-ind1000-lr0.05-ep20-lbs10-blend0.8-infl50-rootdissolve-dn310,fold_6,manifold,False,5,5782.846195936203,0.7441457152366638,0.7501770853996277,0.5580005850845565,0.6322669795822596,0.34033667236330245,0.3956190469155682,0.793574059009552,0.7980536222457886,1154.0856853485109,1154.0856853485109
FOLD-6-learnls-manifold-nu2-K300-stride4-learnls-bs1.0-bd0.01-bw0.1-knn15-faiss_atlas_weighted-5-randomwalk-ind1000-lr0.05-ep20-lbs10-blend0.8-infl50-ptls-rootdissolve-dn3-prune0.910,fold_6,manifold,False,5,8611.33853650093,0.7621362328529357,0.7681161761283875,0.5313248904285957,0.6040782706840808,0.3157688627435343,0.362658679669428,0.8258107900619507,0.8374563455581665,1719.822081565857,1719.822081565857
FOLD-6-learnls-manifold-nu2-K300-stride4-learnls-bs1.0-bd0.01-bw0.1-knn15-faiss_atlas_weighted-5-randomwalk-ind1000-lr0.05-ep20-lbs10-blend0.8-infl50-ptls-rootdissolve-dn3-prune0.9510,fold_6,manifold,False,5,13268.92087316513,0.7676875233650208,0.7760244607925415,0.5246256724340521,0.5963031361542609,0.3077583093282173,0.3532536603351762,0.834297525882721,0.8440244197845459,2649.8764119625093,2649.8764119625093
FOLD-6-learnls-manifold-nu2-K300-stride4-learnls-bs1.0-bd0.01-bw0.1-knn15-faiss_atlas_weighted-5-randomwalk-ind1000-lr0.05-ep20-lbs10-blend0.8-infl50-ptls-rootdissolve-dn3-prune0.9710,fold_6,manifold,False,5,9619.17513203621,0.76993488073349,0.777529239654541,0.5217838086904918,0.5941671506946196,0.3049238409540586,0.3507430083381654,0.8389849424362182,0.848766565322876,1919.8042947769165,1919.8042947769163
FOLD-6-learnls-manifold-nu2-K300-stride4-learnls-bs1.0-bd0.01-bw0.1-knn15-faiss_atlas_weighted-5-randomwalk-ind1000-lr0.05-ep20-lbs10-blend0.8-infl50-ptls-rootdissolve-dn310,fold_6,manifold,False,5,10380.612820148468,0.7686451315879822,0.7722700834274292,0.5196132688716443,0.5872809101996822,0.3048846348551348,0.3424257714926584,0.829449462890625,0.8445078730583191,2072.65428981781,2072.65428981781
FOLD-6-learnls-manifold-nu2-K300-stride4-learnls-bs1.0-bd0.01-bw0.1-knn15-faiss_atlas_weighted-5-randomwalk-ind1000-lr0.05-ep20-lbs10-blend0.8-infl50-rootdissolve-dn3-prune0.910,fold_6,manifold,False,5,5049.262152194977,0.7622121214866638,0.7678973078727722,0.5308779673244133,0.6039430813649952,0.31560039588389455,0.3622112942561083,0.8252763986587525,0.8368791937828064,1007.7283246517179,1007.728324651718
FOLD-6-learnls-manifold-nu2-K300-stride4-learnls-bs1.0-bd0.01-bw0.1-knn15-faiss_atlas_weighted-5-randomwalk-ind1000-lr0.05-ep20-lbs10-blend0.8-infl50-rootdissolve-dn3-prune0.9510,fold_6,manifold,False,5,4901.628195285797,0.7678405284881592,0.775822639465332,0.5246716141039782,0.5965440211276738,0.3074443383412991,0.3535899784436327,0.8335828185081482,0.8439297676086426,978.1217030525207,978.1217030525208
FOLD-6-learnls-manifold-nu2-K300-stride4-learnls-bs1.0-bd0.01-bw0.1-knn15-faiss_atlas_weighted-5-randomwalk-ind1000-lr0.05-ep20-lbs10-blend0.8-infl50-rootdissolve-dn3-prune0.9710,fold_6,manifold,False,5,4927.480937004089,0.7700703382492066,0.7771826386451721,0.5218960829365423,0.5945465547103309,0.3046465092264249,0.3513216970807188,0.8382762312889099,0.8489639163017273,983.2467559814452,983.2467559814452
FOLD-6-learnls-manifold-nu2-K300-stride4-learnls-bs1.0-bd0.01-bw0.1-knn15-faiss_atlas_weighted-5-randomwalk-ind1000-lr0.05-ep20-lbs10-blend0.8-infl50-rootdissolve-dn310,fold_6,manifold,False,5,4738.148320436478,0.7687682628631591,0.7720842957496643,0.5191430228113824,0.5870817298249632,0.3046308684187745,0.3417221272231927,0.8289366960525513,0.8441299200057983,945.1550245285034,945.1550245285034
FOLD-6-spectral-nu2-K100-stride4-bw0.1-knn15-faiss_atlas_weighted-5-randomwalk-lr0.05-ep20-lbs10-rootdissolve-dn310,fold_6,spectral,False,5,1404.8776724338531,0.8075072884559631,0.8307152390480042,0.4644528387289261,0.5097696207681843,0.24449699943247466,0.2588816911222483,0.857811427116394,0.8698729276657104,279.7807814121246,279.7807814121246
FOLD-6-spectral-nu2-K1300-stride4-bw0.1-knn15-faiss_atlas_weighted-5-randomwalk-lr0.05-ep20-lbs10-rootdissolve-dn310,fold_6,spectral,False,5,835.7021741867065,0.7427140593528747,0.7479451298713684,0.5636286194271489,0.6351577781264813,0.3418394262969984,0.3992100179246549,0.763223123550415,0.7551429867744446,165.8624156475067,165.8624156475067
FOLD-7-euclidean-ard-matern-nu1.5-ind1000-5-lr0.05-ep20-lbs1010,fold_7,euclidean,False,5,2299.56889128685,0.8529085397720337,0.8103862404823303,0.5340932594534044,0.5992930596025913,0.32215071325961475,0.3552468528901753,0.7802116632461548,0.7739848494529724,432.12679448127744,432.12679448127744
FOLD-7-euclidean-no-ard-matern-nu1.5-ind1000-5-lr0.05-ep20-lbs1010,fold_7,euclidean,False,5,2931.940625190735,0.8490293025970459,0.8091567158699036,0.5445493247182865,0.6009630505804214,0.3291239700287475,0.3572017825860399,0.7812259793281555,0.7755953669548035,547.2131297588348,547.2131297588348
FOLD-7-learnls-manifold-nu2-K100-stride4-learnls-bs1.0-bd0.01-bw0.1-knn15-faiss_atlas_weighted-5-randomwalk-ind1000-lr0.05-ep20-lbs10-blend0.8-infl50-ptls-rootdissolve-dn3-prune0.910,fold_7,manifold,False,5,7556.458754062653,0.904048502445221,0.8736540079116821,0.4711829888567577,0.5082146906907701,0.24672307867491386,0.2506437648885611,0.8492409467697144,0.8525553345680237,1505.0781556606294,1505.0781556606294
FOLD-7-learnls-manifold-nu2-K100-stride4-learnls-bs1.0-bd0.01-bw0.1-knn15-faiss_atlas_weighted-5-randomwalk-ind1000-lr0.05-ep20-lbs10-blend0.8-infl50-ptls-rootdissolve-dn3-prune0.9510,fold_7,manifold,False,5,5509.18391084671,0.9067419409751892,0.8717530369758606,0.4691856168529206,0.5104951327429563,0.24247264818532419,0.2539013037965192,0.8561671614646912,0.8636617064476013,1092.5444592952729,1092.5444592952729
FOLD-7-learnls-manifold-nu2-K100-stride4-learnls-bs1.0-bd0.01-bw0.1-knn15-faiss_atlas_weighted-5-randomwalk-ind1000-lr0.05-ep20-lbs10-blend0.8-infl50-ptls-rootdissolve-dn3-prune0.9710,fold_7,manifold,False,5,7530.823430299759,0.9060013771057129,0.8742183446884155,0.46822037063764316,0.508199224069861,0.2437374090625028,0.2496754429401482,0.8533300876617431,0.853895366191864,1497.444128370285,1497.444128370285
FOLD-7-learnls-manifold-nu2-K100-stride4-learnls-bs1.0-bd0.01-bw0.1-knn15-faiss_atlas_weighted-5-randomwalk-ind1000-lr0.05-ep20-lbs10-blend0.8-infl50-ptls-rootdissolve-dn310,fold_7,manifold,False,5,7611.5690495967865,0.9105577349662781,0.8834422826766968,0.46133391940292673,0.4908835487761622,0.23644565948295732,0.2337583532926851,0.857786238193512,0.8657633066177368,1513.9947328567505,1513.9947328567505
FOLD-7-learnls-manifold-nu2-K100-stride4-learnls-bs1.0-bd0.01-bw0.1-knn15-faiss_atlas_weighted-5-randomwalk-ind1000-lr0.05-ep20-lbs10-blend0.8-infl50-rootdissolve-dn3-prune0.910,fold_7,manifold,False,5,3477.8085811138153,0.9040577054023743,0.8738828301429749,0.47104394424705465,0.5082302269334366,0.24669947393593028,0.2502512551328015,0.8491904616355896,0.8523780107498169,690.3017140388489,690.3017140388489
FOLD-7-learnls-manifold-nu2-K100-stride4-learnls-bs1.0-bd0.01-bw0.1-knn15-faiss_atlas_weighted-5-randomwalk-ind1000-lr0.05-ep20-lbs10-blend0.8-infl50-rootdissolve-dn3-prune0.9510,fold_7,manifold,False,5,3571.7114498615265,0.9053994536399841,0.8728140592575073,0.4691961304987259,0.5108807322347944,0.2445909774436116,0.2520840255323088,0.8482906341552734,0.8484393954277039,708.8881788253784,708.8881788253784
FOLD-7-learnls-manifold-nu2-K100-stride4-learnls-bs1.0-bd0.01-bw0.1-knn15-faiss_atlas_weighted-5-randomwalk-ind1000-lr0.05-ep20-lbs10-blend0.8-infl50-rootdissolve-dn3-prune0.9710,fold_7,manifold,False,5,3956.420223712921,0.9059710383415223,0.8743241429328918,0.46810352003201106,0.5081304710078804,0.2437850292692083,0.2494937913045565,0.8532956838607788,0.8537811636924744,785.2924045562744,785.2924045562744
FOLD-7-learnls-manifold-nu2-K100-stride4-learnls-bs1.0-bd0.01-bw0.1-knn15-faiss_atlas_weighted-5-randomwalk-ind1000-lr0.05-ep20-lbs10-blend0.8-infl50-rootdissolve-dn310,fold_7,manifold,False,5,3480.59134888649,0.9103771567344665,0.8834894299507141,0.4613913015753376,0.4909883239529338,0.23673025615085735,0.233676575135872,0.8577171087265014,0.8656189441680908,690.6758100509644,690.6758100509644
FOLD-7-learnls-manifold-nu2-K1300-stride4-learnls-bs1.0-bd0.01-bw0.1-knn15-faiss_atlas_weighted-5-randomwalk-ind1000-lr0.05-ep20-lbs10-blend0.8-infl50-ptls-rootdissolve-dn3-prune0.910,fold_7,manifold,False,5,5224.530203819275,0.8524827361106873,0.8145602345466614,0.5399587111354502,0.598694266121471,0.32218022415858927,0.3485879648839007,0.773243510723114,0.7614977359771729,1033.9152423858643,1033.9152423858643
FOLD-7-learnls-manifold-nu2-K1300-stride4-learnls-bs1.0-bd0.01-bw0.1-knn15-faiss_atlas_weighted-5-randomwalk-ind1000-lr0.05-ep20-lbs10-blend0.8-infl50-ptls-rootdissolve-dn3-prune0.9510,fold_7,manifold,False,5,4973.588134288788,0.8529685974121094,0.816061794757843,0.5394796552121803,0.5978206442141891,0.321608139067114,0.3461841442185732,0.7751187324523926,0.7637650370597839,983.5124282836914,983.5124282836914
FOLD-7-learnls-manifold-nu2-K1300-stride4-learnls-bs1.0-bd0.01-bw0.1-knn15-faiss_atlas_weighted-5-randomwalk-ind1000-lr0.05-ep20-lbs10-blend0.8-infl50-ptls-rootdissolve-dn3-prune0.9710,fold_7,manifold,False,5,9038.558889865875,0.8520683526992798,0.8146015405654907,0.540220836144093,0.5992043483603758,0.32311236906489116,0.3485219328318156,0.7753907918930054,0.7636292576789856,1797.0466435432434,1797.0466435432434
FOLD-7-learnls-manifold-nu2-K1300-stride4-learnls-bs1.0-bd0.01-bw0.1-knn15-faiss_atlas_weighted-5-randomwalk-ind1000-lr0.05-ep20-lbs10-blend0.8-infl50-ptls-rootdissolve-dn310,fold_7,manifold,False,5,5081.627923965454,0.8560999393463135,0.8189093470573425,0.5344044173253271,0.5932061214176318,0.31645061783482026,0.3416133293824155,0.776060163974762,0.7675681114196777,1005.4783073425293,1005.4783073425292
FOLD-7-learnls-manifold-nu2-K1300-stride4-learnls-bs1.0-bd0.01-bw0.1-knn15-faiss_atlas_weighted-5-randomwalk-ind1000-lr0.05-ep20-lbs10-blend0.8-infl50-rootdissolve-dn3-prune0.910,fold_7,manifold,False,5,7477.509583473206,0.8525460839271546,0.8147866725921631,0.5401484572278736,0.5985381586151978,0.3221378422203565,0.3482257409827994,0.773039186000824,0.7618576884269714,1485.8278104782105,1485.8278104782105
FOLD-7-learnls-manifold-nu2-K1300-stride4-learnls-bs1.0-bd0.01-bw0.1-knn15-faiss_atlas_weighted-5-randomwalk-ind1000-lr0.05-ep20-lbs10-blend0.8-infl50-rootdissolve-dn3-prune0.9510,fold_7,manifold,False,5,4161.354923009872,0.8529923915863037,0.8161999583244324,0.5397329280361596,0.5976417204455233,0.321587988600998,0.3459626828746571,0.774554967880249,0.7639761567115784,824.1402550697327,824.1402550697327
FOLD-7-learnls-manifold-nu2-K1300-stride4-learnls-bs1.0-bd0.01-bw0.1-knn15-faiss_atlas_weighted-5-randomwalk-ind1000-lr0.05-ep20-lbs10-blend0.8-infl50-rootdissolve-dn3-prune0.9710,fold_7,manifold,False,5,2746.703247308731,0.8520503640174866,0.814354419708252,0.5404460980389916,0.5993000129060396,0.32313690354873914,0.3489171092666017,0.7749548554420471,0.763971209526062,541.5273586273194,541.5273586273194
FOLD-7-learnls-manifold-nu2-K1300-stride4-learnls-bs1.0-bd0.01-bw0.1-knn15-faiss_atlas_weighted-5-randomwalk-ind1000-lr0.05-ep20-lbs10-blend0.8-infl50-rootdissolve-dn310,fold_7,manifold,False,5,2518.600802898407,0.8557891011238098,0.8191369771957397,0.5346964406630835,0.5930996569523539,0.3170036845769366,0.3412472959398478,0.7764109373092651,0.7674893736839294,498.4960698127746,498.4960698127746
FOLD-7-learnls-manifold-nu2-K300-stride4-learnls-bs1.0-bd0.01-bw0.1-knn15-faiss_atlas_weighted-5-randomwalk-ind1000-lr0.05-ep20-lbs10-blend0.8-infl50-ptls-rootdissolve-dn3-prune0.910,fold_7,manifold,False,5,13632.56320476532,0.8743788599967957,0.8428159356117249,0.5116743399369275,0.5588612234741976,0.2910728151373262,0.3026113708336553,0.8076311111450195,0.8027874827384949,2710.9184814453124,2710.9184814453124
FOLD-7-learnls-manifold-nu2-K300-stride4-learnls-bs1.0-bd0.01-bw0.1-knn15-faiss_atlas_weighted-5-randomwalk-ind1000-lr0.05-ep20-lbs10-blend0.8-infl50-ptls-rootdissolve-dn3-prune0.9510,fold_7,manifold,False,5,9548.621011257172,0.8807229042053223,0.8479584455490112,0.5044152425413523,0.5500776306842275,0.2820121917317467,0.2940750773003583,0.8141240000724792,0.8107287287712097,1899.723038339615,1899.723038339615
FOLD-7-learnls-manifold-nu2-K300-stride4-learnls-bs1.0-bd0.01-bw0.1-knn15-faiss_atlas_weighted-5-randomwalk-ind1000-lr0.05-ep20-lbs10-blend0.8-infl50-ptls-rootdissolve-dn3-prune0.9710,fold_7,manifold,False,5,10187.246786355972,0.883958351612091,0.8514822721481323,0.4998478192584499,0.5440924130952646,0.27728332826228375,0.2881956849704763,0.8200729966163636,0.8167622089385986,2026.036247253418,2026.036247253418
FOLD-7-learnls-manifold-nu2-K300-stride4-learnls-bs1.0-bd0.01-bw0.1-knn15-faiss_atlas_weighted-5-randomwalk-ind1000-lr0.05-ep20-lbs10-blend0.8-infl50-ptls-rootdissolve-dn310,fold_7,manifold,False,5,7043.275586128235,0.8800182700157165,0.848918080329895,0.5024670945714627,0.5457650688158765,0.28242266630941515,0.2924763397316063,0.8158956408500672,0.8173710107803345,1401.6609625339509,1401.6609625339509
FOLD-7-learnls-manifold-nu2-K300-stride4-learnls-bs1.0-bd0.01-bw0.1-knn15-faiss_atlas_weighted-5-randomwalk-ind1000-lr0.05-ep20-lbs10-blend0.8-infl50-rootdissolve-dn3-prune0.910,fold_7,manifold,False,5,3458.046324491501,0.8743953824043273,0.8428745865821838,0.5112927716572017,0.5590485479471187,0.2910196355940817,0.3025142910186187,0.8075587034225464,0.802583634853363,686.124934053421,686.124934053421
FOLD-7-learnls-manifold-nu2-K300-stride4-learnls-bs1.0-bd0.01-bw0.1-knn15-faiss_atlas_weighted-5-randomwalk-ind1000-lr0.05-ep20-lbs10-blend0.8-infl50-rootdissolve-dn3-prune0.9510,fold_7,manifold,False,5,1745.570207118988,0.8802762150764465,0.8502222299575806,0.5030607237528544,0.5498184825708958,0.28262962907756606,0.2903008375848345,0.8117912888526917,0.8073674440383911,343.0432229995728,343.0432229995728
FOLD-7-learnls-manifold-nu2-K300-stride4-learnls-bs1.0-bd0.01-bw0.1-knn15-faiss_atlas_weighted-5-randomwalk-ind1000-lr0.05-ep20-lbs10-blend0.8-infl50-rootdissolve-dn3-prune0.9710,fold_7,manifold,False,5,3593.487279653549,0.8839351654052734,0.8517504334449768,0.4996887248449256,0.5439904913149108,0.2772987884429153,0.2877473019398756,0.8199806571006775,0.816705584526062,712.4786388874054,712.4786388874054
FOLD-7-learnls-manifold-nu2-K300-stride4-learnls-bs1.0-bd0.01-bw0.1-knn15-faiss_atlas_weighted-5-randomwalk-ind1000-lr0.05-ep20-lbs10-blend0.8-infl50-rootdissolve-dn310,fold_7,manifold,False,5,3520.996094942093,0.8800198674201966,0.8491342663764954,0.502348514278459,0.5457971815464099,0.2824133467261933,0.2921159571088806,0.815854299068451,0.817499041557312,698.5839119911194,698.5839119911194
FOLD-7-spectral-nu2-K100-stride4-bw0.1-knn15-faiss_atlas_weighted-5-randomwalk-lr0.05-ep20-lbs10-rootdissolve-dn310,fold_7,spectral,False,5,1075.0825276374817,0.9146398901939392,0.8836812376976013,0.4561954233258212,0.4883702851351535,0.22981123528524128,0.2333438751811357,0.8683565497398377,0.8721938729286194,212.04760427474972,212.04760427474972
FOLD-7-spectral-nu2-K1300-stride4-bw0.1-knn15-faiss_atlas_weighted-5-randomwalk-lr0.05-ep20-lbs10-rootdissolve-dn310,fold_7,spectral,False,5,692.6798899173737,0.8677858114242554,0.8342850804328918,0.5261685329376744,0.5826714317427456,0.29787769621014293,0.3166576581593044,0.7723601460456848,0.7682762742042542,135.33260407447816,135.33260407447816
FOLD-8-euclidean-ard-matern-nu1.5-ind1000-5-lr0.05-ep20-lbs1010,fold_8,euclidean,False,5,2216.745862722397,0.8612929821014405,0.8235986828804016,0.5350507439189336,0.6060918787231493,0.31925822766102835,0.3672663109782871,0.7783968567848205,0.7755534052848816,415.70491456985474,415.70491456985474
FOLD-8-euclidean-no-ard-matern-nu1.5-ind1000-5-lr0.05-ep20-lbs1010,fold_8,euclidean,False,5,2118.742443084717,0.8605196118354798,0.8252300024032593,0.5357950121347324,0.6040832725601517,0.3204509271322714,0.3647572622713166,0.777986490726471,0.7776336073875427,394.9238978862762,394.9238978862762
FOLD-8-learnls-manifold-nu2-K100-stride4-learnls-bs1.0-bd0.01-bw0.1-knn15-faiss_atlas_weighted-5-randomwalk-ind1000-lr0.05-ep20-lbs10-blend0.8-infl50-ptls-rootdissolve-dn3-prune0.910,fold_8,manifold,False,5,8282.850785970688,0.9175952196121215,0.8920726180076599,0.4571397480151438,0.5084205392012746,0.231364480961133,0.2576817746409227,0.8487641453742981,0.8616285920143127,1648.3891538143157,1648.3891538143157
FOLD-8-learnls-manifold-nu2-K100-stride4-learnls-bs1.0-bd0.01-bw0.1-knn15-faiss_atlas_weighted-5-randomwalk-ind1000-lr0.05-ep20-lbs10-blend0.8-infl50-ptls-rootdissolve-dn3-prune0.9510,fold_8,manifold,False,5,5211.4991710186005,0.9129876732826233,0.8862971067428589,0.4630167327811942,0.5185632798095435,0.23869289406709032,0.2672626631232935,0.8571137309074401,0.858403742313385,1033.505462884903,1033.505462884903
FOLD-8-learnls-manifold-nu2-K100-stride4-learnls-bs1.0-bd0.01-bw0.1-knn15-faiss_atlas_weighted-5-randomwalk-ind1000-lr0.05-ep20-lbs10-blend0.8-infl50-ptls-rootdissolve-dn3-prune0.9710,fold_8,manifold,False,5,8611.56782078743,0.9183248162269593,0.8906453251838684,0.45243741600469123,0.5106921113107219,0.22990567410126467,0.2600553122901639,0.8508041620254516,0.8594580888748169,1713.9002414703368,1713.9002414703368
FOLD-8-learnls-manifold-nu2-K100-stride4-learnls-bs1.0-bd0.01-bw0.1-knn15-faiss_atlas_weighted-5-randomwalk-ind1000-lr0.05-ep20-lbs10-blend0.8-infl50-ptls-rootdissolve-dn310,fold_8,manifold,False,5,8428.361174106598,0.9269493818283081,0.9046018719673156,0.44409933613997515,0.4871592809636352,0.21605897454520323,0.2366834377925883,0.8539088368415833,0.8700870871543884,1677.126055002212,1677.1260550022123
FOLD-8-learnls-manifold-nu2-K100-stride4-learnls-bs1.0-bd0.01-bw0.1-knn15-faiss_atlas_weighted-5-randomwalk-ind1000-lr0.05-ep20-lbs10-blend0.8-infl50-rootdissolve-dn3-prune0.910,fold_8,manifold,False,5,3717.8759083747864,0.9172406196594238,0.8920546174049377,0.4572247630929477,0.50842111471668,0.23193431903800427,0.2577117681153155,0.8492497444152832,0.8622300028800964,738.5322668075562,738.5322668075562
FOLD-8-learnls-manifold-nu2-K100-stride4-learnls-bs1.0-bd0.01-bw0.1-knn15-faiss_atlas_weighted-5-randomwalk-ind1000-lr0.05-ep20-lbs10-blend0.8-infl50-rootdissolve-dn3-prune0.9510,fold_8,manifold,False,5,3709.0110380649567,0.9136211156845093,0.8856713175773621,0.46098073330345135,0.5192355125271865,0.23769236313241904,0.268296965119751,0.8493572115898133,0.8573177456855774,736.3296094894409,736.3296094894409
FOLD-8-learnls-manifold-nu2-K100-stride4-learnls-bs1.0-bd0.01-bw0.1-knn15-faiss_atlas_weighted-5-randomwalk-ind1000-lr0.05-ep20-lbs10-blend0.8-infl50-rootdissolve-dn3-prune0.9710,fold_8,manifold,False,5,3630.482511997223,0.9181934475898743,0.8906763195991516,0.4523983581796596,0.5106025807020537,0.23012362745359516,0.2600037694501601,0.8512049674987793,0.8599323034286499,720.739575958252,720.739575958252
FOLD-8-learnls-manifold-nu2-K100-stride4-learnls-bs1.0-bd0.01-bw0.1-knn15-faiss_atlas_weighted-5-randomwalk-ind1000-lr0.05-ep20-lbs10-blend0.8-infl50-rootdissolve-dn310,fold_8,manifold,False,5,4246.641118049622,0.9264917016029358,0.9045970439910888,0.4442258654895581,0.4871450577760975,0.21680925747582586,0.2366916792427593,0.8551133275032043,0.8705224394798279,843.5649337291718,843.5649337291718
FOLD-8-learnls-manifold-nu2-K1300-stride4-learnls-bs1.0-bd0.01-bw0.1-knn15-faiss_atlas_weighted-5-randomwalk-ind1000-lr0.05-ep20-lbs10-blend0.8-infl50-ptls-rootdissolve-dn3-prune0.910,fold_8,manifold,False,5,5626.842769861221,0.875065279006958,0.8293278217315674,0.5200899336091367,0.6016114470220836,0.2977264736974467,0.3584328274524057,0.7719169020652771,0.7676333785057068,1115.601682281494,1115.601682281494
FOLD-8-learnls-manifold-nu2-K1300-stride4-learnls-bs1.0-bd0.01-bw0.1-knn15-faiss_atlas_weighted-5-randomwalk-ind1000-lr0.05-ep20-lbs10-blend0.8-infl50-ptls-rootdissolve-dn3-prune0.9510,fold_8,manifold,False,5,5236.967617511749,0.8881130933761596,0.8436881303787231,0.506390741407138,0.5837536021193489,0.2773697501453988,0.3360221627456728,0.7640821814537049,0.7665560841560364,1037.3038732528687,1037.3038732528687
FOLD-8-learnls-manifold-nu2-K1300-stride4-learnls-bs1.0-bd0.01-bw0.1-knn15-faiss_atlas_weighted-5-randomwalk-ind1000-lr0.05-ep20-lbs10-blend0.8-infl50-ptls-rootdissolve-dn3-prune0.9710,fold_8,manifold,False,5,5355.630261182785,0.8786781549453735,0.8293004631996155,0.5154057909561,0.6006878307148567,0.292218418242422,0.3584751155491845,0.7744041919708252,0.772491991519928,1060.6847239971162,1060.6847239971162
FOLD-8-learnls-manifold-nu2-K1300-stride4-learnls-bs1.0-bd0.01-bw0.1-knn15-faiss_atlas_weighted-5-randomwalk-ind1000-lr0.05-ep20-lbs10-blend0.8-infl50-ptls-rootdissolve-dn310,fold_8,manifold,False,5,5455.34952545166,0.8851096868515015,0.8484058976173401,0.5081647661853543,0.5809428382433961,0.28201329215429516,0.3285757423047147,0.775683581829071,0.7708389163017273,1080.4157040596008,1080.4157040596008
FOLD-8-learnls-manifold-nu2-K1300-stride4-learnls-bs1.0-bd0.01-bw0.1-knn15-faiss_atlas_weighted-5-randomwalk-ind1000-lr0.05-ep20-lbs10-blend0.8-infl50-rootdissolve-dn3-prune0.910,fold_8,manifold,False,5,2671.989777326584,0.8755524277687072,0.8297247886657715,0.5194000078521229,0.6011742265866492,0.29690119230174644,0.3578184340974464,0.7718618154525757,0.7673847675323486,528.505916595459,528.505916595459
FOLD-8-learnls-manifold-nu2-K1300-stride4-learnls-bs1.0-bd0.01-bw0.1-knn15-faiss_atlas_weighted-5-randomwalk-ind1000-lr0.05-ep20-lbs10-blend0.8-infl50-rootdissolve-dn3-prune0.9510,fold_8,manifold,False,5,4441.980415344238,0.8856297850608825,0.8359862565994263,0.5085486924285453,0.5936703407997824,0.2813278137752179,0.3480895372763493,0.7739400029182434,0.7711119651794434,882.1549282550811,882.1549282550811
FOLD-8-learnls-manifold-nu2-K1300-stride4-learnls-bs1.0-bd0.01-bw0.1-knn15-faiss_atlas_weighted-5-randomwalk-ind1000-lr0.05-ep20-lbs10-blend0.8-infl50-rootdissolve-dn3-prune0.9710,fold_8,manifold,False,5,3018.549030303955,0.8793552637100219,0.8295588493347168,0.5146121637533094,0.600393473233574,0.29119627744896803,0.3580752701101517,0.774581253528595,0.7724272608757019,598.1969987869263,598.1969987869263
FOLD-8-learnls-manifold-nu2-K1300-stride4-learnls-bs1.0-bd0.01-bw0.1-knn15-faiss_atlas_weighted-5-randomwalk-ind1000-lr0.05-ep20-lbs10-blend0.8-infl50-rootdissolve-dn310,fold_8,manifold,False,5,2914.053047180176,0.8853847503662109,0.8476617932319641,0.5076828437883473,0.5816173203964421,0.2815141670632505,0.3297529861746295,0.7756164312362671,0.7710228562355042,577.6743962287903,577.6743962287903
FOLD-8-learnls-manifold-nu2-K300-stride4-learnls-bs1.0-bd0.01-bw0.1-knn15-faiss_atlas_weighted-5-randomwalk-ind1000-lr0.05-ep20-lbs10-blend0.8-infl50-ptls-rootdissolve-dn3-prune0.910,fold_8,manifold,False,5,8730.600741147995,0.8970273971557617,0.8529661893844604,0.4857482010392363,0.5671910369394849,0.2632915180862827,0.3213383304443222,0.8057048797607422,0.8102169632911682,1734.9565104961396,1734.9565104961396
FOLD-8-learnls-manifold-nu2-K300-stride4-learnls-bs1.0-bd0.01-bw0.1-knn15-faiss_atlas_weighted-5-randomwalk-ind1000-lr0.05-ep20-lbs10-blend0.8-infl50-ptls-rootdissolve-dn3-prune0.9510,fold_8,manifold,False,5,9251.313730716705,0.9056559205055237,0.8667632341384888,0.47438176141845967,0.5476830263798068,0.24950407194782026,0.299205578245814,0.8106597781181335,0.8144444823265076,1841.2276552200317,1841.227655220032
FOLD-8-learnls-manifold-nu2-K300-stride4-learnls-bs1.0-bd0.01-bw0.1-knn15-faiss_atlas_weighted-5-randomwalk-ind1000-lr0.05-ep20-lbs10-blend0.8-infl50-ptls-rootdissolve-dn3-prune0.9710,fold_8,manifold,False,5,6554.515031814575,0.9016125559806824,0.866412341594696,0.4796262907026315,0.547980067066047,0.2562444647954427,0.2997728872502063,0.8137442588806152,0.8166396021842957,1304.0078102111815,1304.0078102111815
FOLD-8-learnls-manifold-nu2-K300-stride4-learnls-bs1.0-bd0.01-bw0.1-knn15-faiss_atlas_weighted-5-randomwalk-ind1000-lr0.05-ep20-lbs10-blend0.8-infl50-ptls-rootdissolve-dn310,fold_8,manifold,False,5,14474.829488754272,0.9145383834838867,0.8795543313026428,0.4653710425744036,0.532765250415263,0.2355632948259113,0.2783692331803485,0.8139336824417114,0.8219616413116455,2880.321122407913,2880.321122407913
FOLD-8-learnls-manifold-nu2-K300-stride4-learnls-bs1.0-bd0.01-bw0.1-knn15-faiss_atlas_weighted-5-randomwalk-ind1000-lr0.05-ep20-lbs10-blend0.8-infl50-rootdissolve-dn3-prune0.910,fold_8,manifold,False,5,3672.6613557338715,0.8973557829856873,0.8532915115356445,0.4848560905855443,0.5668481245606696,0.2626715507658426,0.3208205376938261,0.805875837802887,0.8106035590171814,729.5231159210205,729.5231159210205
FOLD-8-learnls-manifold-nu2-K300-stride4-learnls-bs1.0-bd0.01-bw0.1-knn15-faiss_atlas_weighted-5-randomwalk-ind1000-lr0.05-ep20-lbs10-blend0.8-infl50-rootdissolve-dn3-prune0.9510,fold_8,manifold,False,5,3870.181745529175,0.9057082653045654,0.8671877980232239,0.4739698539305069,0.5471558925703501,0.24938537584090756,0.2985189033196831,0.8109003067016601,0.8146964311599731,768.8889272689819,768.8889272689819
FOLD-8-learnls-manifold-nu2-K300-stride4-learnls-bs1.0-bd0.01-bw0.1-knn15-faiss_atlas_weighted-5-randomwalk-ind1000-lr0.05-ep20-lbs10-blend0.8-infl50-rootdissolve-dn3-prune0.9710,fold_8,manifold,False,5,3755.8225407600403,0.901384437084198,0.8668249845504761,0.47946447989644775,0.5474421648648625,0.2566218361655138,0.2991057351035788,0.8140732645988464,0.8169254660606384,746.1811744689942,746.1811744689942
FOLD-8-learnls-manifold-nu2-K300-stride4-learnls-bs1.0-bd0.01-bw0.1-knn15-faiss_atlas_weighted-5-randomwalk-ind1000-lr0.05-ep20-lbs10-blend0.8-infl50-rootdissolve-dn310,fold_8,manifold,False,5,3676.3307826519012,0.9146923422813416,0.8799293637275696,0.46480821947771955,0.5323363968744702,0.2352347428962191,0.2777537589794653,0.8138760447502136,0.8223187327384949,730.0002678394318,730.0002678394318
FOLD-8-spectral-nu2-K100-stride4-bw0.1-knn15-faiss_atlas_weighted-5-randomwalk-lr0.05-ep20-lbs10-rootdissolve-dn310,fold_8,spectral,False,5,888.8154852390289,0.9264111161231995,0.9046545028686525,0.44657738039262374,0.4872847931847442,0.2170591798630687,0.2365947408739449,0.8538060188293457,0.8542503118515015,174.53790950775146,174.53790950775146
FOLD-8-spectral-nu2-K1300-stride4-bw0.1-knn15-faiss_atlas_weighted-5-randomwalk-lr0.05-ep20-lbs10-rootdissolve-dn310,fold_8,spectral,False,5,1028.5143656730652,0.9274915218353271,0.8708437085151672,0.47379804037178336,0.5573551528911723,0.21308091888746644,0.2705480757912607,0.7670568346977233,0.7469627261161804,202.0492997646332,202.0492997646332
