full_model,kernel_family,n_lipids,r2_full_median,r2_best_single_median,d_r2_mean,d_r2_median,r2_win_rate,d_corr_mean,d_corr_median,corr_win_rate
[full] SPECTRAL-5-4-K300-reference-5-1000-faiss_cluster_weighted-50-15-randomwalk-2-1.0-0.01-0.1-1.0-clk64-sw1.0-cs010,whole-brain Riemann manifold latent GP (spectral / weight-space eigenbasis),5,0.4143184159816904,0.36592746273900156,0.03498534564210814,0.04839095324268883,0.8,0.03984732462606782,0.03837664349951542,1.0
[full] MANIFOLD-RSAMPLE-5-4-K100-reference-5-data-1000-1000-faiss_atlas_weighted-50-15-randomwalk-2-1.0-0.01-0.1-learndiff1.0-blend0.8-level_5annot-rootdissolve-dn3-prune0.9510,whole-brain Riemann manifold latent GP (inducing-point),5,0.4138760392668759,0.36592746273900156,0.03264791068638624,0.04794857652787432,0.8,0.035154562356747646,0.03210970030333049,1.0
[full] SPECTRAL-5-4-K300-reference-5-1000-faiss_atlas_weighted-50-15-randomwalk-2-1.0-0.01-0.1-1.0-level_5annot-rootdissolve-dn3-prune0.97-learndiff1.0-learnspecw10,whole-brain Riemann manifold latent GP (spectral / weight-space eigenbasis),5,0.4128570423724516,0.36592746273900156,0.030662193250474402,0.046929579633450014,0.8,0.03993473899028362,0.039155941441958664,1.0
[full] SPECTRAL-5-4-K100-reference-5-1000-faiss_atlas_weighted-50-15-randomwalk-2-1.0-0.01-0.1-1.0-level_5annot-rootdissolve-dn3-prune0.95-learndiff1.010,whole-brain Riemann manifold latent GP (spectral / weight-space eigenbasis),5,0.41263863210099894,0.36592746273900156,0.03037279129708837,0.04671116936199737,0.8,0.03966716523970684,0.03740563093139718,1.0
[full] MANIFOLD-RSAMPLE-5-4-K100-reference-5-data-1000-1000-faiss_atlas_weighted-50-15-randomwalk-2-1.0-0.01-0.1-learndiff1.0-blend0.8-rootdissolve-dn3-prune0.910,whole-brain Riemann manifold latent GP (inducing-point),5,0.4139586779754113,0.36592746273900156,0.03057677100681349,0.046524250312510396,0.8,0.03512771597315616,0.03682942021702118,1.0
[full] MANIFOLD-RSAMPLE-5-4-K100-reference-5-data-1000-1000-faiss_atlas_weighted-50-15-randomwalk-2-1.0-0.01-0.1-learndiff1.0-blend0.8-rootdissolve-dn3-prune0.9710,whole-brain Riemann manifold latent GP (inducing-point),5,0.41151995210827874,0.36592746273900156,0.03137198510549517,0.04559248936927718,0.8,0.03643634463941699,0.03683002225062759,1.0
[full] MANIFOLD-RSAMPLE-5-4-K100-reference-5-data-1000-1000-faiss_atlas_weighted-50-15-randomwalk-2-1.0-0.01-0.1-learndiff1.0-blend0.8-level_5annot-rootdissolve-dn3-prune0.910,whole-brain Riemann manifold latent GP (inducing-point),5,0.4111202379614892,0.36592746273900156,0.030191319434345477,0.04519277522248766,0.8,0.03402186591212735,0.03286469345605503,1.0
[full] SPECTRAL-5-4-K100-reference-5-1000-faiss_atlas_weighted-50-15-randomwalk-2-1.0-0.01-0.1-1.0-level_5annot-rootdissolve-dn3-prune0.9-learndiff1.010,whole-brain Riemann manifold latent GP (spectral / weight-space eigenbasis),5,0.40977206287071455,0.36592746273900156,0.02823406079183407,0.043844600131712985,0.8,0.03714183112741394,0.04217537706732444,1.0
[full] MANIFOLD-RSAMPLE-5-4-K300-reference-5-data-1000-1000-faiss_atlas_weighted-50-15-randomwalk-2-1.0-0.01-0.1-learndiff1.0-blend0.8-rootdissolve-dn3-prune0.910,whole-brain Riemann manifold latent GP (inducing-point),5,0.4093346409159816,0.36592746273900156,0.02459846064690551,0.04340717817698003,0.8,0.034058611013606285,0.030592051104949447,1.0
[full] SPECTRAL-5-4-K100-reference-5-1000-faiss_cluster_weighted-50-15-randomwalk-2-1.0-0.01-0.1-1.0-clk64-sw1.0-cs010,whole-brain Riemann manifold latent GP (spectral / weight-space eigenbasis),5,0.40918670238449184,0.36592746273900156,0.02963058825767358,0.04325923964549028,0.8,0.03778791274558228,0.03491238068118849,1.0
[full] SPECTRAL-5-4-K100-reference-5-1000-faiss_atlas_weighted-50-15-randomwalk-2-1.0-0.01-0.1-1.0-learndiff1.010,whole-brain Riemann manifold latent GP (spectral / weight-space eigenbasis),5,0.40881489111392244,0.36592746273900156,0.028579407977801292,0.04288742837492088,0.8,0.036283387856122576,0.031258964502871356,1.0
[full] SPECTRAL-5-4-K100-reference-5-1000-faiss_atlas_weighted-50-15-randomwalk-2-1.0-0.01-0.1-1.0-rootdissolve-dn3-prune0.95-learndiff1.010,whole-brain Riemann manifold latent GP (spectral / weight-space eigenbasis),5,0.40877167537844666,0.36592746273900156,0.030203059540092104,0.0428442126394451,0.8,0.03678509070327843,0.03524344611912944,1.0
[full] SPECTRAL-5-4-K300-reference-5-1000-faiss_atlas_weighted-50-15-randomwalk-2-1.0-0.01-0.1-1.0-level_5annot-rootdissolve-dn3-prune0.9-learndiff1.010,whole-brain Riemann manifold latent GP (spectral / weight-space eigenbasis),5,0.40858948199592693,0.36592746273900156,0.027925607202037274,0.042662019256925365,0.8,0.03600514915858086,0.034529358408660005,1.0
[full] SPECTRAL-5-4-K100-reference-5-1000-faiss-1-15-randomwalk-2-1.0-0.01-0.1-1.010,whole-brain Riemann manifold latent GP (spectral / weight-space eigenbasis),5,0.4081450473476907,0.36592746273900156,0.033271925576968266,0.04221758460868913,0.8,0.039675596268575614,0.03691727234073461,1.0
[full] SPECTRAL-5-4-K300-reference-5-1000-faiss_cluster_weighted-50-15-randomwalk-2-1.0-0.01-0.1-1.0-clk64-sw1.0-cs0-learndiff1.010,whole-brain Riemann manifold latent GP (spectral / weight-space eigenbasis),5,0.4081170130236716,0.36592746273900156,0.03470975220002538,0.04218955028467003,0.8,0.040377447554883386,0.04330889300955987,1.0
[full] SPECTRAL-5-4-K300-reference-5-1000-faiss-1-15-randomwalk-2-1.0-0.01-0.1-1.0-learndiff1.010,whole-brain Riemann manifold latent GP (spectral / weight-space eigenbasis),5,0.40728279451554417,0.36592746273900156,0.031071518952929915,0.0413553317765426,0.8,0.03954511008533279,0.04215947806608589,1.0
[full] MANIFOLD-RSAMPLE-5-4-K100-reference-5-data-1000-1000-faiss_atlas_weighted-50-15-randomwalk-2-1.0-0.01-0.1-learndiff1.0-blend0.8-rootdissolve-dn3-prune0.9510,whole-brain Riemann manifold latent GP (inducing-point),5,0.40726906319280937,0.36592746273900156,0.03071334316821951,0.0413416004538078,0.8,0.03521396130307564,0.030851570752336133,1.0
[full] SPECTRAL-5-4-K100-reference-5-1000-faiss_atlas_weighted-50-15-randomwalk-2-1.0-0.01-0.1-1.0-level_5annot10,whole-brain Riemann manifold latent GP (spectral / weight-space eigenbasis),5,0.407187362669849,0.36592746273900156,0.028013879204582447,0.041237109027577046,0.8,0.034240787773686235,0.03241360451970421,1.0
[full] SPECTRAL-5-4-K1300-reference-5-1000-faiss_atlas_weighted-50-15-randomwalk-2-1.0-0.01-0.1-1.0-level_5annot-rootdissolve-dn3-prune0.97-learndiff1.010,whole-brain Riemann manifold latent GP (spectral / weight-space eigenbasis),5,0.40716348098647237,0.36592746273900156,0.02078843695039504,0.04123601824747081,0.8,0.031282700678543156,0.028046206603870805,1.0
[full] MANIFOLD-RSAMPLE-5-4-K100-reference-5-data-1000-1000-faiss_atlas_weighted-50-15-randomwalk-2-1.0-0.01-0.1-learndiff1.0-blend0.8-level_5annot-rootdissolve-dn3-prune0.9710,whole-brain Riemann manifold latent GP (inducing-point),5,0.4066247422699951,0.36592746273900156,0.028919382230498097,0.04069727953099356,0.8,0.03413729292487607,0.03666559816175574,1.0
[full] SPECTRAL-5-4-K300-reference-5-1000-faiss-1-15-randomwalk-2-1.0-0.01-0.1-1.010,whole-brain Riemann manifold latent GP (spectral / weight-space eigenbasis),5,0.40648536269888247,0.36592746273900156,0.03400518828459875,0.040557899959880905,0.8,0.04036537490671747,0.03997880262683828,1.0
[full] SPECTRAL-5-4-K100-reference-5-1000-faiss_atlas_weighted-50-15-randomwalk-2-1.0-0.01-0.1-1.0-level_5annot-rootdissolve-dn3-prune0.97-learndiff1.010,whole-brain Riemann manifold latent GP (spectral / weight-space eigenbasis),5,0.4062099601451963,0.36592746273900156,0.02759767719944432,0.04028249740619472,0.8,0.0361431988779149,0.034408710339389526,1.0
[full] SPECTRAL-5-4-K100-reference-5-1000-faiss_atlas_weighted-50-15-randomwalk-2-1.0-0.01-0.1-1.0-level_5annot-rootdissolve-dn3-prune0.97-learndiff1.0-learnspecw10,whole-brain Riemann manifold latent GP (spectral / weight-space eigenbasis),5,0.4060299088757112,0.36592746273900156,0.027186962101686234,0.04010244613670966,0.8,0.03523629129681287,0.03420089481007904,1.0
[full] SPECTRAL-5-4-K300-reference-5-1000-faiss_atlas_weighted-50-15-randomwalk-2-1.0-0.01-0.1-1.0-level_5annot-rootdissolve-dn3-prune0.95-learndiff1.010,whole-brain Riemann manifold latent GP (spectral / weight-space eigenbasis),5,0.40507790852173753,0.36592746273900156,0.025375020542194315,0.039150445782735965,0.8,0.03488992602402349,0.035281018132653386,1.0
[full] SPECTRAL-5-4-K100-reference-5-1000-faiss_atlas_weighted-50-15-randomwalk-2-1.0-0.01-0.1-1.0-rootdissolve-dn3-prune0.9-learndiff1.010,whole-brain Riemann manifold latent GP (spectral / weight-space eigenbasis),5,0.4048026159709518,0.36592746273900156,0.02727141272533016,0.03887515323195023,0.8,0.03391279377964179,0.03444775327400773,1.0
[full] SPECTRAL-5-4-K2300-reference-5-1000-faiss_atlas_weighted-50-15-randomwalk-2-1.0-0.01-0.1-1.0-learndiff1.010,whole-brain Riemann manifold latent GP (spectral / weight-space eigenbasis),5,0.40472071978624446,0.36592746273900156,0.024260766009836652,0.0387932570472429,0.8,0.033140655704238645,0.03132844680824609,1.0
[full] SPECTRAL-5-4-K300-reference-5-1000-faiss_atlas_weighted-50-15-randomwalk-2-1.0-0.01-0.1-1.0-rootdissolve-dn3-prune0.9-learndiff1.010,whole-brain Riemann manifold latent GP (spectral / weight-space eigenbasis),5,0.4046352339782864,0.36592746273900156,0.026510553324212337,0.038707771239284816,0.8,0.035762307291736746,0.035079030463576966,1.0
[full] SPECTRAL-5-4-K100-reference-5-1000-faiss_atlas_weighted-50-15-randomwalk-2-1.0-0.01-0.1-1.0-level_5annot-learndiff1.010,whole-brain Riemann manifold latent GP (spectral / weight-space eigenbasis),5,0.40449954359467477,0.36592746273900156,0.02532597280665642,0.03857208085567321,0.8,0.03424987299515678,0.037071323425723834,1.0
[full] SPECTRAL-5-4-K100-reference-5-1000-faiss-1-15-randomwalk-2-1.0-0.01-0.1-1.0-learndiff1.010,whole-brain Riemann manifold latent GP (spectral / weight-space eigenbasis),5,0.4041383670444463,0.36592746273900156,0.028723441875178855,0.038210904305444715,0.8,0.03478095347910423,0.033300529952202784,1.0
[full] MANIFOLD-RSAMPLE-5-4-K300-reference-5-data-1000-1000-faiss_atlas_weighted-50-15-randomwalk-2-1.0-0.01-0.1-learndiff1.0-blend0.8-rootdissolve-dn3-prune0.9510,whole-brain Riemann manifold latent GP (inducing-point),5,0.4041218300733638,0.36592746273900156,0.0275275895965154,0.03819436733436221,0.8,0.03266963880603692,0.030050290850766825,1.0
[full] MANIFOLD-RSAMPLE-5-4-K100-reference-5-data-2000-1000-faiss_atlas_weighted-50-15-randomwalk-2-1.0-0.01-0.1-learndiff1.0-blend0.810,whole-brain Riemann manifold latent GP (inducing-point),5,0.4040637857710663,0.36592746273900156,0.030487801642047802,0.03813632303206471,0.8,0.03735895568865363,0.03354188744722075,1.0
[full] SPECTRAL-5-4-K100-reference-5-1000-faiss_atlas_weighted-50-15-randomwalk-2-1.0-0.01-0.1-1.010,whole-brain Riemann manifold latent GP (spectral / weight-space eigenbasis),5,0.4039755884418921,0.36592746273900156,0.029196150135934906,0.03804812570289051,0.8,0.034980129755294444,0.031014809942107813,1.0
[full] SPECTRAL-5-4-K100-reference-5-1000-faiss_cluster_weighted-50-15-randomwalk-2-1.0-0.01-0.1-1.0-clk64-sw1.0-cs0-learndiff1.010,whole-brain Riemann manifold latent GP (spectral / weight-space eigenbasis),5,0.40395725633382024,0.36592746273900156,0.02800028280657816,0.03802979359481867,0.8,0.036646045211405506,0.037475869238967174,1.0
[full] SPECTRAL-5-8-K6000-reference-5-1000-faiss_atlas_weighted-50-15-randomwalk-2-1.0-0.01-0.1-1.0-learndiff1.010,whole-brain Riemann manifold latent GP (spectral / weight-space eigenbasis),5,0.4034258470809877,0.36592746273900156,0.0230927255341361,0.03749838434198616,0.8,0.03310330098681766,0.029202818266631847,1.0
[full] SPECTRAL-5-4-K100-reference-5-1000-faiss_atlas_weighted-50-15-randomwalk-2-1.0-0.01-0.1-1.0-rootdissolve-dn3-prune0.97-learndiff1.010,whole-brain Riemann manifold latent GP (spectral / weight-space eigenbasis),5,0.4031832725678153,0.36592746273900156,0.02809896842991223,0.03725580982881371,0.8,0.0354020474426401,0.032922047344034144,1.0
[full] MANIFOLD-RSAMPLE-5-4-K300-reference-5-data-1000-1000-faiss_atlas_weighted-50-15-randomwalk-2-1.0-0.01-0.1-learndiff1.0-blend0.8-level_5annot-rootdissolve-dn3-prune0.9710,whole-brain Riemann manifold latent GP (inducing-point),5,0.40239933287886764,0.36592746273900156,0.023237522570238766,0.03647187013986608,0.8,0.029608568939784353,0.028049066918770293,1.0
[full] SPECTRAL-5-4-K300-reference-5-1000-faiss_atlas_weighted-50-15-randomwalk-2-1.0-0.01-0.1-1.0-level_5annot-learndiff1.010,whole-brain Riemann manifold latent GP (spectral / weight-space eigenbasis),5,0.4021598253225263,0.36592746273900156,0.026444649808424592,0.036232362583524746,0.8,0.03488532484020778,0.03526564972661214,1.0
[full] SPECTRAL-5-4-K1300-reference-5-1000-faiss_atlas_weighted-50-15-randomwalk-2-1.0-0.01-0.1-1.0-level_5annot-rootdissolve-dn3-prune0.95-learndiff1.010,whole-brain Riemann manifold latent GP (spectral / weight-space eigenbasis),5,0.4018514624425171,0.36592746273900156,0.0231370464358157,0.03592399970351556,0.8,0.03485092022236137,0.036980707000649926,1.0
[full] MANIFOLD-RSAMPLE-5-4-K300-reference-5-data-1000-1000-faiss_atlas_weighted-50-15-randomwalk-2-1.0-0.01-0.1-learndiff1.0-blend0.8-level_5annot-rootdissolve-dn3-prune0.910,whole-brain Riemann manifold latent GP (inducing-point),5,0.40166638580849945,0.36592746273900156,0.02708330115474116,0.035738923069497885,0.8,0.03350888993547334,0.031746219814676624,1.0
[full] SPECTRAL-5-4-K1300-reference-5-1000-faiss_atlas_weighted-50-15-randomwalk-2-1.0-0.01-0.1-1.0-level_5annot-rootdissolve-dn3-prune0.9-learndiff1.010,whole-brain Riemann manifold latent GP (spectral / weight-space eigenbasis),5,0.40161467491268804,0.36592746273900156,0.021456023555358066,0.03568721217368648,0.8,0.03330854570013979,0.03161189225487415,1.0
[full] SPECTRAL-5-4-K300-reference-5-1000-faiss_atlas_weighted-50-15-randomwalk-2-1.0-0.01-0.1-1.0-level_5annot-rootdissolve-dn3-prune0.97-learndiff1.010,whole-brain Riemann manifold latent GP (spectral / weight-space eigenbasis),5,0.4013010490296227,0.36592746273900156,0.022693024352861208,0.03537358629062115,0.8,0.033150857829819094,0.03307241868969257,1.0
[full] SPECTRAL-5-4-K300-reference-5-1000-faiss_atlas_weighted-50-15-randomwalk-2-1.0-0.01-0.1-1.0-level_5annot10,whole-brain Riemann manifold latent GP (spectral / weight-space eigenbasis),5,0.40091525964667096,0.36592746273900156,0.027731132843914662,0.0349877969076694,0.8,0.03790138064761085,0.04011384963152584,1.0
[full] SPECTRAL-5-4-K300-reference-5-1000-faiss_atlas_weighted-50-15-randomwalk-2-1.0-0.01-0.1-1.0-rootdissolve-dn3-prune0.97-learndiff1.010,whole-brain Riemann manifold latent GP (spectral / weight-space eigenbasis),5,0.40073621505795815,0.36592746273900156,0.02636324260698695,0.03480875231895658,0.8,0.03487541162196368,0.0372661447079313,1.0
[full] SPECTRAL-5-4-K1300-reference-5-1000-faiss_atlas_weighted-50-15-randomwalk-2-1.0-0.01-0.1-1.0-level_5annot-rootdissolve-dn3-prune0.97-learndiff1.0-learnspecw10,whole-brain Riemann manifold latent GP (spectral / weight-space eigenbasis),5,0.39984617994973426,0.36592746273900156,0.027685226682862572,0.033918717210732696,0.8,0.035974761858262205,0.03547642953113994,1.0
[full] SPECTRAL-5-4-K300-reference-5-1000-faiss_atlas_weighted-50-15-randomwalk-2-1.0-0.01-0.1-1.0-rootdissolve-dn3-prune0.95-learndiff1.010,whole-brain Riemann manifold latent GP (spectral / weight-space eigenbasis),5,0.39970545264094803,0.36592746273900156,0.026136784002254644,0.03377798990194647,0.8,0.033494161305663586,0.03366522747451095,1.0
[full] MANIFOLD-RSAMPLE-5-4-K300-reference-5-data-1000-1000-faiss_atlas_weighted-50-15-randomwalk-2-1.0-0.01-0.1-learndiff1.0-blend0.8-rootdissolve-dn3-prune0.9710,whole-brain Riemann manifold latent GP (inducing-point),5,0.3986270420690614,0.36592746273900156,0.02366671042494215,0.03269957933005985,0.8,0.031724117932374445,0.02998156666713092,1.0
[full] MANIFOLD-RSAMPLE-5-4-K300-reference-5-data-1000-1000-faiss_atlas_weighted-50-15-randomwalk-2-1.0-0.01-0.1-learndiff1.0-blend0.8-level_5annot-rootdissolve-dn3-prune0.9510,whole-brain Riemann manifold latent GP (inducing-point),5,0.3929183235935848,0.36592746273900156,0.02089859358790183,0.026990860854583243,0.8,0.028942033266476114,0.027599840553351962,1.0
[full] MANIFOLD-RSAMPLE-5-4-K1300-reference-5-data-1000-1000-faiss_atlas_weighted-50-15-randomwalk-2-1.0-0.01-0.1-learndiff1.0-blend0.8-rootdissolve-dn3-prune0.910,whole-brain Riemann manifold latent GP (inducing-point),5,0.38660302492643334,0.36592746273900156,0.0013435406719999933,0.020675562187431773,0.6,0.022477163615848346,0.0244833079134269,1.0
[full] MANIFOLD-RSAMPLE-5-4-K1300-reference-5-data-1000-1000-faiss_atlas_weighted-50-15-randomwalk-2-1.0-0.01-0.1-learndiff1.0-blend0.8-rootdissolve-dn3-prune0.9510,whole-brain Riemann manifold latent GP (inducing-point),5,0.38333320262989573,0.36592746273900156,0.002742466311717584,0.017405739890894167,0.6,0.020747137392230913,0.022878053878030546,1.0
[full] MANIFOLD-RSAMPLE-5-4-K1300-reference-5-data-1000-1000-faiss_atlas_weighted-50-15-randomwalk-2-1.0-0.01-0.1-learndiff1.0-prodard2.5-blend0.8-rootdissolve-dn3-prune0.910,whole-brain Riemann manifold latent GP (inducing-point),5,0.3814235677428882,0.36592746273900156,-0.0010416278992824324,0.015496105003886651,0.6,0.024140765943830363,0.025799866282505968,1.0
[full] MANIFOLD-RSAMPLE-5-4-K1300-reference-5-data-1000-1000-faiss_atlas_weighted-50-15-randomwalk-2-1.0-0.01-0.1-learndiff1.0-blend0.8-rootdissolve-dn3-prune0.9710,whole-brain Riemann manifold latent GP (inducing-point),5,0.37979041303161504,0.36592746273900156,0.0021087846492103533,0.013862950292613474,0.6,0.0194735682690443,0.018908805043115984,1.0
[full] MANIFOLD-RSAMPLE-5-4-K1300-reference-5-data-1000-1000-faiss_atlas_weighted-50-15-randomwalk-2-1.0-0.01-0.1-learndiff1.0-prodard2.5-blend0.8-rootdissolve-dn3-prune0.9710,whole-brain Riemann manifold latent GP (inducing-point),5,0.37541861416214317,0.36592746273900156,-0.006145134647532205,0.009491151423141608,0.6,0.020504775047097253,0.02137839346779591,1.0
[full] MANIFOLD-RSAMPLE-5-4-K1300-reference-5-data-1000-1000-faiss_atlas_weighted-50-15-randomwalk-2-1.0-0.01-0.1-learndiff1.0-prodard2.5-blend0.8-rootdissolve-dn3-prune0.9510,whole-brain Riemann manifold latent GP (inducing-point),5,0.37193823205602444,0.36592746273900156,-0.004100209793070514,0.006010769317022879,0.6,0.019379256737822443,0.02134674139862347,1.0
